--
-- PostgreSQL database dump
--

-- Dumped from database version 9.6.1
-- Dumped by pg_dump version 9.6.1

SET statement_timeout = 0;
SET lock_timeout = 0;
SET idle_in_transaction_session_timeout = 0;
SET client_encoding = 'UTF8';
SET standard_conforming_strings = on;
SET check_function_bodies = false;
SET client_min_messages = warning;
SET row_security = off;

--
-- Name: plpgsql; Type: EXTENSION; Schema: -; Owner: 
--

CREATE EXTENSION IF NOT EXISTS plpgsql WITH SCHEMA pg_catalog;


--
-- Name: EXTENSION plpgsql; Type: COMMENT; Schema: -; Owner: 
--

COMMENT ON EXTENSION plpgsql IS 'PL/pgSQL procedural language';


SET search_path = public, pg_catalog;

SET default_tablespace = '';

SET default_with_oids = false;

--
-- Name: person; Type: TABLE; Schema: public; Owner: postgres
--

CREATE TABLE person (
    id integer NOT NULL,
    insert_date timestamp with time zone DEFAULT now(),
    is_hidden boolean DEFAULT false,
    code text,
    title text,
    description text
);


ALTER TABLE person OWNER TO postgres;

--
-- Name: person_id_seq; Type: SEQUENCE; Schema: public; Owner: postgres
--

CREATE SEQUENCE person_id_seq
    START WITH 1
    INCREMENT BY 1
    NO MINVALUE
    NO MAXVALUE
    CACHE 1;


ALTER TABLE person_id_seq OWNER TO postgres;

--
-- Name: person_id_seq; Type: SEQUENCE OWNED BY; Schema: public; Owner: postgres
--

ALTER SEQUENCE person_id_seq OWNED BY person.id;


--
-- Name: person_service_account; Type: TABLE; Schema: public; Owner: postgres
--

CREATE TABLE person_service_account (
    id integer NOT NULL,
    insert_date timestamp with time zone DEFAULT now(),
    is_hidden boolean DEFAULT false,
    person_id integer,
    service_account_id integer
);


ALTER TABLE person_service_account OWNER TO postgres;

--
-- Name: person_service_account_id_seq; Type: SEQUENCE; Schema: public; Owner: postgres
--

CREATE SEQUENCE person_service_account_id_seq
    START WITH 1
    INCREMENT BY 1
    NO MINVALUE
    NO MAXVALUE
    CACHE 1;


ALTER TABLE person_service_account_id_seq OWNER TO postgres;

--
-- Name: person_service_account_id_seq; Type: SEQUENCE OWNED BY; Schema: public; Owner: postgres
--

ALTER SEQUENCE person_service_account_id_seq OWNED BY person_service_account.id;


--
-- Name: service; Type: TABLE; Schema: public; Owner: postgres
--

CREATE TABLE service (
    id integer NOT NULL,
    insert_date timestamp with time zone DEFAULT now(),
    is_hidden boolean DEFAULT false,
    code text,
    title text,
    description text
);


ALTER TABLE service OWNER TO postgres;

--
-- Name: service_account; Type: TABLE; Schema: public; Owner: postgres
--

CREATE TABLE service_account (
    id integer NOT NULL,
    insert_date timestamp with time zone DEFAULT now(),
    is_hidden boolean DEFAULT false,
    service_id integer,
    login text,
    password text,
    description text
);


ALTER TABLE service_account OWNER TO postgres;

--
-- Name: service_account_id_seq; Type: SEQUENCE; Schema: public; Owner: postgres
--

CREATE SEQUENCE service_account_id_seq
    START WITH 1
    INCREMENT BY 1
    NO MINVALUE
    NO MAXVALUE
    CACHE 1;


ALTER TABLE service_account_id_seq OWNER TO postgres;

--
-- Name: service_account_id_seq; Type: SEQUENCE OWNED BY; Schema: public; Owner: postgres
--

ALTER SEQUENCE service_account_id_seq OWNED BY service_account.id;


--
-- Name: service_id_seq; Type: SEQUENCE; Schema: public; Owner: postgres
--

CREATE SEQUENCE service_id_seq
    START WITH 1
    INCREMENT BY 1
    NO MINVALUE
    NO MAXVALUE
    CACHE 1;


ALTER TABLE service_id_seq OWNER TO postgres;

--
-- Name: service_id_seq; Type: SEQUENCE OWNED BY; Schema: public; Owner: postgres
--

ALTER SEQUENCE service_id_seq OWNED BY service.id;


--
-- Name: tag; Type: TABLE; Schema: public; Owner: postgres
--

CREATE TABLE tag (
    id integer NOT NULL,
    insert_date timestamp with time zone DEFAULT now(),
    is_hidden boolean DEFAULT false,
    code text,
    title text,
    description text
);


ALTER TABLE tag OWNER TO postgres;

--
-- Name: tag_id_seq; Type: SEQUENCE; Schema: public; Owner: postgres
--

CREATE SEQUENCE tag_id_seq
    START WITH 1
    INCREMENT BY 1
    NO MINVALUE
    NO MAXVALUE
    CACHE 1;


ALTER TABLE tag_id_seq OWNER TO postgres;

--
-- Name: tag_id_seq; Type: SEQUENCE OWNED BY; Schema: public; Owner: postgres
--

ALTER SEQUENCE tag_id_seq OWNED BY tag.id;


--
-- Name: tag_service; Type: TABLE; Schema: public; Owner: postgres
--

CREATE TABLE tag_service (
    id integer NOT NULL,
    insert_date timestamp with time zone DEFAULT now(),
    is_hidden boolean DEFAULT false,
    tag_id integer,
    service_id integer
);


ALTER TABLE tag_service OWNER TO postgres;

--
-- Name: tag_service_account; Type: TABLE; Schema: public; Owner: postgres
--

CREATE TABLE tag_service_account (
    id integer NOT NULL,
    insert_date timestamp with time zone DEFAULT now(),
    is_hidden boolean DEFAULT false,
    tag_id integer,
    service_account_id integer
);


ALTER TABLE tag_service_account OWNER TO postgres;

--
-- Name: tag_service_account_id_seq; Type: SEQUENCE; Schema: public; Owner: postgres
--

CREATE SEQUENCE tag_service_account_id_seq
    START WITH 1
    INCREMENT BY 1
    NO MINVALUE
    NO MAXVALUE
    CACHE 1;


ALTER TABLE tag_service_account_id_seq OWNER TO postgres;

--
-- Name: tag_service_account_id_seq; Type: SEQUENCE OWNED BY; Schema: public; Owner: postgres
--

ALTER SEQUENCE tag_service_account_id_seq OWNED BY tag_service_account.id;


--
-- Name: tag_service_id_seq; Type: SEQUENCE; Schema: public; Owner: postgres
--

CREATE SEQUENCE tag_service_id_seq
    START WITH 1
    INCREMENT BY 1
    NO MINVALUE
    NO MAXVALUE
    CACHE 1;


ALTER TABLE tag_service_id_seq OWNER TO postgres;

--
-- Name: tag_service_id_seq; Type: SEQUENCE OWNED BY; Schema: public; Owner: postgres
--

ALTER SEQUENCE tag_service_id_seq OWNED BY tag_service.id;


--
-- Name: person id; Type: DEFAULT; Schema: public; Owner: postgres
--

ALTER TABLE ONLY person ALTER COLUMN id SET DEFAULT nextval('person_id_seq'::regclass);


--
-- Name: person_service_account id; Type: DEFAULT; Schema: public; Owner: postgres
--

ALTER TABLE ONLY person_service_account ALTER COLUMN id SET DEFAULT nextval('person_service_account_id_seq'::regclass);


--
-- Name: service id; Type: DEFAULT; Schema: public; Owner: postgres
--

ALTER TABLE ONLY service ALTER COLUMN id SET DEFAULT nextval('service_id_seq'::regclass);


--
-- Name: service_account id; Type: DEFAULT; Schema: public; Owner: postgres
--

ALTER TABLE ONLY service_account ALTER COLUMN id SET DEFAULT nextval('service_account_id_seq'::regclass);


--
-- Name: tag id; Type: DEFAULT; Schema: public; Owner: postgres
--

ALTER TABLE ONLY tag ALTER COLUMN id SET DEFAULT nextval('tag_id_seq'::regclass);


--
-- Name: tag_service id; Type: DEFAULT; Schema: public; Owner: postgres
--

ALTER TABLE ONLY tag_service ALTER COLUMN id SET DEFAULT nextval('tag_service_id_seq'::regclass);


--
-- Name: tag_service_account id; Type: DEFAULT; Schema: public; Owner: postgres
--

ALTER TABLE ONLY tag_service_account ALTER COLUMN id SET DEFAULT nextval('tag_service_account_id_seq'::regclass);


--
-- Data for Name: person; Type: TABLE DATA; Schema: public; Owner: postgres
--

INSERT INTO person (id, insert_date, is_hidden, code, title, description) VALUES (51, '2017-05-20 18:31:11.030458+00', false, 'kama0590', NULL, NULL);
INSERT INTO person (id, insert_date, is_hidden, code, title, description) VALUES (52, '2017-05-20 18:31:11.030458+00', false, 'kargintima', NULL, NULL);
INSERT INTO person (id, insert_date, is_hidden, code, title, description) VALUES (53, '2017-05-20 18:31:11.030458+00', false, 'katterham', NULL, NULL);
INSERT INTO person (id, insert_date, is_hidden, code, title, description) VALUES (54, '2017-05-20 18:31:11.030458+00', false, 'borisserb', NULL, NULL);
INSERT INTO person (id, insert_date, is_hidden, code, title, description) VALUES (55, '2017-05-20 18:31:11.030458+00', false, 'viktorvor', NULL, NULL);
INSERT INTO person (id, insert_date, is_hidden, code, title, description) VALUES (56, '2017-05-20 18:31:11.030458+00', false, 'aleksandrkurn', NULL, NULL);
INSERT INTO person (id, insert_date, is_hidden, code, title, description) VALUES (57, '2017-05-20 18:31:11.030458+00', false, 'nikitos66', NULL, NULL);
INSERT INTO person (id, insert_date, is_hidden, code, title, description) VALUES (58, '2017-05-20 18:31:11.030458+00', false, 'killbis', NULL, NULL);
INSERT INTO person (id, insert_date, is_hidden, code, title, description) VALUES (59, '2017-05-20 18:31:11.030458+00', false, 'kaisserhaff', NULL, NULL);
INSERT INTO person (id, insert_date, is_hidden, code, title, description) VALUES (60, '2017-05-20 18:31:11.030458+00', false, 'kiv89', NULL, NULL);
INSERT INTO person (id, insert_date, is_hidden, code, title, description) VALUES (61, '2017-05-20 18:31:11.030458+00', false, 'kohgutep', NULL, NULL);
INSERT INTO person (id, insert_date, is_hidden, code, title, description) VALUES (62, '2017-05-20 18:31:11.030458+00', false, 'leonidust', NULL, NULL);
INSERT INTO person (id, insert_date, is_hidden, code, title, description) VALUES (63, '2017-05-20 18:31:11.030458+00', false, 'kenenbek', NULL, NULL);
INSERT INTO person (id, insert_date, is_hidden, code, title, description) VALUES (64, '2017-05-20 18:31:11.030458+00', false, 'katy5452', NULL, NULL);
INSERT INTO person (id, insert_date, is_hidden, code, title, description) VALUES (65, '2017-05-20 18:31:11.030458+00', false, 'kawaiidon', NULL, NULL);
INSERT INTO person (id, insert_date, is_hidden, code, title, description) VALUES (66, '2017-05-20 18:31:11.030458+00', false, 'katashe131', NULL, NULL);
INSERT INTO person (id, insert_date, is_hidden, code, title, description) VALUES (67, '2017-05-20 18:31:11.030458+00', false, 'petras', NULL, NULL);
INSERT INTO person (id, insert_date, is_hidden, code, title, description) VALUES (68, '2017-05-20 18:31:11.030458+00', false, 'kiriknik', NULL, NULL);
INSERT INTO person (id, insert_date, is_hidden, code, title, description) VALUES (69, '2017-05-20 18:31:11.030458+00', false, 'koly4ka001', NULL, NULL);
INSERT INTO person (id, insert_date, is_hidden, code, title, description) VALUES (70, '2017-05-20 18:31:11.030458+00', false, 'karasov', NULL, NULL);
INSERT INTO person (id, insert_date, is_hidden, code, title, description) VALUES (71, '2017-05-20 18:31:11.030458+00', false, 'kaban7610', NULL, NULL);
INSERT INTO person (id, insert_date, is_hidden, code, title, description) VALUES (72, '2017-05-20 18:31:11.030458+00', false, 'kartez2000', NULL, NULL);
INSERT INTO person (id, insert_date, is_hidden, code, title, description) VALUES (73, '2017-05-20 18:31:11.030458+00', false, 'kid007', NULL, NULL);
INSERT INTO person (id, insert_date, is_hidden, code, title, description) VALUES (74, '2017-05-20 18:31:11.030458+00', false, 'kivido', NULL, NULL);
INSERT INTO person (id, insert_date, is_hidden, code, title, description) VALUES (75, '2017-05-20 18:31:11.030458+00', false, 'mikhail1un', NULL, NULL);
INSERT INTO person (id, insert_date, is_hidden, code, title, description) VALUES (76, '2017-05-20 18:31:11.030458+00', false, 'nikitada', NULL, NULL);
INSERT INTO person (id, insert_date, is_hidden, code, title, description) VALUES (77, '2017-05-20 18:31:11.030458+00', false, 'anatoliytim', NULL, NULL);
INSERT INTO person (id, insert_date, is_hidden, code, title, description) VALUES (78, '2017-05-20 18:31:11.030458+00', false, 'killbord', NULL, NULL);
INSERT INTO person (id, insert_date, is_hidden, code, title, description) VALUES (79, '2017-05-20 18:31:11.030458+00', false, 'leonid5', NULL, NULL);
INSERT INTO person (id, insert_date, is_hidden, code, title, description) VALUES (80, '2017-05-20 18:31:11.030458+00', false, 'igorturov', NULL, NULL);
INSERT INTO person (id, insert_date, is_hidden, code, title, description) VALUES (81, '2017-05-20 18:31:11.030458+00', false, 'katya12304', NULL, NULL);
INSERT INTO person (id, insert_date, is_hidden, code, title, description) VALUES (82, '2017-05-20 18:31:11.030458+00', false, 'kexi', NULL, NULL);
INSERT INTO person (id, insert_date, is_hidden, code, title, description) VALUES (83, '2017-05-20 18:31:11.030458+00', false, 'karkyshka', NULL, NULL);
INSERT INTO person (id, insert_date, is_hidden, code, title, description) VALUES (84, '2017-05-20 18:31:11.030458+00', false, 'kennympei', NULL, NULL);
INSERT INTO person (id, insert_date, is_hidden, code, title, description) VALUES (85, '2017-05-20 18:31:11.030458+00', false, 'nikolaylow', NULL, NULL);
INSERT INTO person (id, insert_date, is_hidden, code, title, description) VALUES (86, '2017-05-20 18:31:11.030458+00', false, 'petrana', NULL, NULL);
INSERT INTO person (id, insert_date, is_hidden, code, title, description) VALUES (87, '2017-05-20 18:31:11.030458+00', false, 'mikhailempopo', NULL, NULL);
INSERT INTO person (id, insert_date, is_hidden, code, title, description) VALUES (88, '2017-05-20 18:31:11.030458+00', false, 'mikhailfil', NULL, NULL);
INSERT INTO person (id, insert_date, is_hidden, code, title, description) VALUES (89, '2017-05-20 18:31:11.030458+00', false, 'kazuc', NULL, NULL);
INSERT INTO person (id, insert_date, is_hidden, code, title, description) VALUES (90, '2017-05-20 18:31:11.030458+00', false, 'kishka1988', NULL, NULL);
INSERT INTO person (id, insert_date, is_hidden, code, title, description) VALUES (91, '2017-05-20 18:31:11.030458+00', false, 'kontrabazzz', NULL, NULL);
INSERT INTO person (id, insert_date, is_hidden, code, title, description) VALUES (92, '2017-05-20 18:31:11.030458+00', false, 'koparso', NULL, NULL);
INSERT INTO person (id, insert_date, is_hidden, code, title, description) VALUES (93, '2017-05-20 18:31:11.030458+00', false, 'kapamel1k', NULL, NULL);
INSERT INTO person (id, insert_date, is_hidden, code, title, description) VALUES (94, '2017-05-20 18:31:11.030458+00', false, 'kirl0g', NULL, NULL);
INSERT INTO person (id, insert_date, is_hidden, code, title, description) VALUES (95, '2017-05-20 18:31:11.030458+00', false, 'kisik3', NULL, NULL);
INSERT INTO person (id, insert_date, is_hidden, code, title, description) VALUES (96, '2017-05-20 18:31:11.030458+00', false, 'kempriol', NULL, NULL);
INSERT INTO person (id, insert_date, is_hidden, code, title, description) VALUES (97, '2017-05-20 18:31:11.030458+00', false, 'kalinin86', NULL, NULL);
INSERT INTO person (id, insert_date, is_hidden, code, title, description) VALUES (98, '2017-05-20 18:31:11.030458+00', false, 'kenny106', NULL, NULL);
INSERT INTO person (id, insert_date, is_hidden, code, title, description) VALUES (99, '2017-05-20 18:31:11.030458+00', false, 'igor9mm', NULL, NULL);
INSERT INTO person (id, insert_date, is_hidden, code, title, description) VALUES (100, '2017-05-20 18:31:11.030458+00', false, 'mikhaildb', NULL, NULL);
INSERT INTO person (id, insert_date, is_hidden, code, title, description) VALUES (101, '2017-05-20 21:00:22.803529+00', false, 'stadevlasov', NULL, NULL);
INSERT INTO person (id, insert_date, is_hidden, code, title, description) VALUES (102, '2017-05-20 21:00:22.803529+00', false, 'aleshazhu', NULL, NULL);
INSERT INTO person (id, insert_date, is_hidden, code, title, description) VALUES (103, '2017-05-20 21:00:22.803529+00', false, 'ilyasti', NULL, NULL);
INSERT INTO person (id, insert_date, is_hidden, code, title, description) VALUES (104, '2017-05-20 21:00:22.803529+00', false, 'petrlukin', NULL, NULL);
INSERT INTO person (id, insert_date, is_hidden, code, title, description) VALUES (105, '2017-05-20 21:00:22.803529+00', false, 'petrevya', NULL, NULL);
INSERT INTO person (id, insert_date, is_hidden, code, title, description) VALUES (106, '2017-05-20 21:00:22.803529+00', false, 'fedorwm', NULL, NULL);
INSERT INTO person (id, insert_date, is_hidden, code, title, description) VALUES (107, '2017-05-20 21:00:22.803529+00', false, 'petrzimin', NULL, NULL);


--
-- Name: person_id_seq; Type: SEQUENCE SET; Schema: public; Owner: postgres
--

SELECT pg_catalog.setval('person_id_seq', 107, true);


--
-- Data for Name: person_service_account; Type: TABLE DATA; Schema: public; Owner: postgres
--

INSERT INTO person_service_account (id, insert_date, is_hidden, person_id, service_account_id) VALUES (51, '2017-05-20 18:36:07.046738+00', false, 51, 475);
INSERT INTO person_service_account (id, insert_date, is_hidden, person_id, service_account_id) VALUES (52, '2017-05-20 18:36:07.046738+00', false, 52, 481);
INSERT INTO person_service_account (id, insert_date, is_hidden, person_id, service_account_id) VALUES (53, '2017-05-20 18:36:07.046738+00', false, 53, 490);
INSERT INTO person_service_account (id, insert_date, is_hidden, person_id, service_account_id) VALUES (54, '2017-05-20 18:36:07.046738+00', false, 54, 493);
INSERT INTO person_service_account (id, insert_date, is_hidden, person_id, service_account_id) VALUES (55, '2017-05-20 18:36:07.046738+00', false, 55, 495);
INSERT INTO person_service_account (id, insert_date, is_hidden, person_id, service_account_id) VALUES (56, '2017-05-20 18:36:07.046738+00', false, 56, 498);
INSERT INTO person_service_account (id, insert_date, is_hidden, person_id, service_account_id) VALUES (57, '2017-05-20 18:36:07.046738+00', false, 57, 506);
INSERT INTO person_service_account (id, insert_date, is_hidden, person_id, service_account_id) VALUES (58, '2017-05-20 18:36:07.046738+00', false, 58, 460);
INSERT INTO person_service_account (id, insert_date, is_hidden, person_id, service_account_id) VALUES (59, '2017-05-20 18:36:07.046738+00', false, 59, 461);
INSERT INTO person_service_account (id, insert_date, is_hidden, person_id, service_account_id) VALUES (60, '2017-05-20 18:36:07.046738+00', false, 60, 465);
INSERT INTO person_service_account (id, insert_date, is_hidden, person_id, service_account_id) VALUES (61, '2017-05-20 18:36:07.046738+00', false, 61, 468);
INSERT INTO person_service_account (id, insert_date, is_hidden, person_id, service_account_id) VALUES (62, '2017-05-20 18:36:07.046738+00', false, 62, 507);
INSERT INTO person_service_account (id, insert_date, is_hidden, person_id, service_account_id) VALUES (63, '2017-05-20 18:36:07.046738+00', false, 63, 466);
INSERT INTO person_service_account (id, insert_date, is_hidden, person_id, service_account_id) VALUES (64, '2017-05-20 18:36:07.046738+00', false, 64, 470);
INSERT INTO person_service_account (id, insert_date, is_hidden, person_id, service_account_id) VALUES (65, '2017-05-20 18:36:07.046738+00', false, 65, 480);
INSERT INTO person_service_account (id, insert_date, is_hidden, person_id, service_account_id) VALUES (66, '2017-05-20 18:36:07.046738+00', false, 66, 491);
INSERT INTO person_service_account (id, insert_date, is_hidden, person_id, service_account_id) VALUES (67, '2017-05-20 18:36:07.046738+00', false, 67, 496);
INSERT INTO person_service_account (id, insert_date, is_hidden, person_id, service_account_id) VALUES (68, '2017-05-20 18:36:07.046738+00', false, 68, 463);
INSERT INTO person_service_account (id, insert_date, is_hidden, person_id, service_account_id) VALUES (69, '2017-05-20 18:36:07.046738+00', false, 69, 467);
INSERT INTO person_service_account (id, insert_date, is_hidden, person_id, service_account_id) VALUES (70, '2017-05-20 18:36:07.046738+00', false, 70, 473);
INSERT INTO person_service_account (id, insert_date, is_hidden, person_id, service_account_id) VALUES (71, '2017-05-20 18:36:07.046738+00', false, 71, 477);
INSERT INTO person_service_account (id, insert_date, is_hidden, person_id, service_account_id) VALUES (72, '2017-05-20 18:36:07.046738+00', false, 72, 482);
INSERT INTO person_service_account (id, insert_date, is_hidden, person_id, service_account_id) VALUES (73, '2017-05-20 18:36:07.046738+00', false, 73, 483);
INSERT INTO person_service_account (id, insert_date, is_hidden, person_id, service_account_id) VALUES (74, '2017-05-20 18:36:07.046738+00', false, 74, 484);
INSERT INTO person_service_account (id, insert_date, is_hidden, person_id, service_account_id) VALUES (75, '2017-05-20 18:36:07.046738+00', false, 75, 499);
INSERT INTO person_service_account (id, insert_date, is_hidden, person_id, service_account_id) VALUES (76, '2017-05-20 18:36:07.046738+00', false, 76, 504);
INSERT INTO person_service_account (id, insert_date, is_hidden, person_id, service_account_id) VALUES (77, '2017-05-20 18:36:07.046738+00', false, 77, 500);
INSERT INTO person_service_account (id, insert_date, is_hidden, person_id, service_account_id) VALUES (78, '2017-05-20 18:36:07.046738+00', false, 78, 471);
INSERT INTO person_service_account (id, insert_date, is_hidden, person_id, service_account_id) VALUES (79, '2017-05-20 18:36:07.046738+00', false, 79, 494);
INSERT INTO person_service_account (id, insert_date, is_hidden, person_id, service_account_id) VALUES (80, '2017-05-20 18:36:07.046738+00', false, 80, 505);
INSERT INTO person_service_account (id, insert_date, is_hidden, person_id, service_account_id) VALUES (81, '2017-05-20 18:36:07.046738+00', false, 81, 476);
INSERT INTO person_service_account (id, insert_date, is_hidden, person_id, service_account_id) VALUES (82, '2017-05-20 18:36:07.046738+00', false, 82, 479);
INSERT INTO person_service_account (id, insert_date, is_hidden, person_id, service_account_id) VALUES (83, '2017-05-20 18:36:07.046738+00', false, 83, 485);
INSERT INTO person_service_account (id, insert_date, is_hidden, person_id, service_account_id) VALUES (84, '2017-05-20 18:36:07.046738+00', false, 84, 487);
INSERT INTO person_service_account (id, insert_date, is_hidden, person_id, service_account_id) VALUES (85, '2017-05-20 18:36:07.046738+00', false, 85, 501);
INSERT INTO person_service_account (id, insert_date, is_hidden, person_id, service_account_id) VALUES (86, '2017-05-20 18:36:07.046738+00', false, 86, 502);
INSERT INTO person_service_account (id, insert_date, is_hidden, person_id, service_account_id) VALUES (87, '2017-05-20 18:36:07.046738+00', false, 87, 503);
INSERT INTO person_service_account (id, insert_date, is_hidden, person_id, service_account_id) VALUES (88, '2017-05-20 18:36:07.046738+00', false, 88, 508);
INSERT INTO person_service_account (id, insert_date, is_hidden, person_id, service_account_id) VALUES (89, '2017-05-20 18:36:07.046738+00', false, 89, 459);
INSERT INTO person_service_account (id, insert_date, is_hidden, person_id, service_account_id) VALUES (90, '2017-05-20 18:36:07.046738+00', false, 90, 462);
INSERT INTO person_service_account (id, insert_date, is_hidden, person_id, service_account_id) VALUES (91, '2017-05-20 18:36:07.046738+00', false, 91, 464);
INSERT INTO person_service_account (id, insert_date, is_hidden, person_id, service_account_id) VALUES (92, '2017-05-20 18:36:07.046738+00', false, 92, 469);
INSERT INTO person_service_account (id, insert_date, is_hidden, person_id, service_account_id) VALUES (93, '2017-05-20 18:36:07.046738+00', false, 93, 472);
INSERT INTO person_service_account (id, insert_date, is_hidden, person_id, service_account_id) VALUES (94, '2017-05-20 18:36:07.046738+00', false, 94, 474);
INSERT INTO person_service_account (id, insert_date, is_hidden, person_id, service_account_id) VALUES (95, '2017-05-20 18:36:07.046738+00', false, 95, 478);
INSERT INTO person_service_account (id, insert_date, is_hidden, person_id, service_account_id) VALUES (96, '2017-05-20 18:36:07.046738+00', false, 96, 486);
INSERT INTO person_service_account (id, insert_date, is_hidden, person_id, service_account_id) VALUES (97, '2017-05-20 18:36:07.046738+00', false, 97, 488);
INSERT INTO person_service_account (id, insert_date, is_hidden, person_id, service_account_id) VALUES (98, '2017-05-20 18:36:07.046738+00', false, 98, 489);
INSERT INTO person_service_account (id, insert_date, is_hidden, person_id, service_account_id) VALUES (99, '2017-05-20 18:36:07.046738+00', false, 99, 492);
INSERT INTO person_service_account (id, insert_date, is_hidden, person_id, service_account_id) VALUES (100, '2017-05-20 18:36:07.046738+00', false, 100, 497);
INSERT INTO person_service_account (id, insert_date, is_hidden, person_id, service_account_id) VALUES (101, '2017-05-20 18:53:12.015475+00', false, 89, 550);
INSERT INTO person_service_account (id, insert_date, is_hidden, person_id, service_account_id) VALUES (102, '2017-05-20 18:53:12.015475+00', false, 58, 551);
INSERT INTO person_service_account (id, insert_date, is_hidden, person_id, service_account_id) VALUES (103, '2017-05-20 18:53:12.015475+00', false, 59, 552);
INSERT INTO person_service_account (id, insert_date, is_hidden, person_id, service_account_id) VALUES (105, '2017-05-20 18:53:12.015475+00', false, 68, 554);
INSERT INTO person_service_account (id, insert_date, is_hidden, person_id, service_account_id) VALUES (107, '2017-05-20 18:53:12.015475+00', false, 60, 556);
INSERT INTO person_service_account (id, insert_date, is_hidden, person_id, service_account_id) VALUES (108, '2017-05-20 18:53:12.015475+00', false, 63, 557);
INSERT INTO person_service_account (id, insert_date, is_hidden, person_id, service_account_id) VALUES (109, '2017-05-20 18:53:12.015475+00', false, 69, 558);
INSERT INTO person_service_account (id, insert_date, is_hidden, person_id, service_account_id) VALUES (110, '2017-05-20 18:53:12.015475+00', false, 61, 559);
INSERT INTO person_service_account (id, insert_date, is_hidden, person_id, service_account_id) VALUES (112, '2017-05-20 18:53:12.015475+00', false, 64, 561);
INSERT INTO person_service_account (id, insert_date, is_hidden, person_id, service_account_id) VALUES (114, '2017-05-20 18:53:12.015475+00', false, 93, 563);
INSERT INTO person_service_account (id, insert_date, is_hidden, person_id, service_account_id) VALUES (115, '2017-05-20 18:53:12.015475+00', false, 70, 564);
INSERT INTO person_service_account (id, insert_date, is_hidden, person_id, service_account_id) VALUES (116, '2017-05-20 18:53:12.015475+00', false, 94, 565);
INSERT INTO person_service_account (id, insert_date, is_hidden, person_id, service_account_id) VALUES (117, '2017-05-20 18:53:12.015475+00', false, 51, 566);
INSERT INTO person_service_account (id, insert_date, is_hidden, person_id, service_account_id) VALUES (118, '2017-05-20 18:53:12.015475+00', false, 81, 567);
INSERT INTO person_service_account (id, insert_date, is_hidden, person_id, service_account_id) VALUES (119, '2017-05-20 18:53:12.015475+00', false, 71, 568);
INSERT INTO person_service_account (id, insert_date, is_hidden, person_id, service_account_id) VALUES (120, '2017-05-20 18:53:12.015475+00', false, 95, 569);
INSERT INTO person_service_account (id, insert_date, is_hidden, person_id, service_account_id) VALUES (123, '2017-05-20 18:53:12.015475+00', false, 52, 572);
INSERT INTO person_service_account (id, insert_date, is_hidden, person_id, service_account_id) VALUES (124, '2017-05-20 18:53:12.015475+00', false, 72, 573);
INSERT INTO person_service_account (id, insert_date, is_hidden, person_id, service_account_id) VALUES (125, '2017-05-20 18:53:12.015475+00', false, 73, 574);
INSERT INTO person_service_account (id, insert_date, is_hidden, person_id, service_account_id) VALUES (126, '2017-05-20 18:53:12.015475+00', false, 74, 575);
INSERT INTO person_service_account (id, insert_date, is_hidden, person_id, service_account_id) VALUES (127, '2017-05-20 18:53:12.015475+00', false, 83, 576);
INSERT INTO person_service_account (id, insert_date, is_hidden, person_id, service_account_id) VALUES (128, '2017-05-20 18:53:12.015475+00', false, 96, 577);
INSERT INTO person_service_account (id, insert_date, is_hidden, person_id, service_account_id) VALUES (129, '2017-05-20 18:53:12.015475+00', false, 84, 578);
INSERT INTO person_service_account (id, insert_date, is_hidden, person_id, service_account_id) VALUES (131, '2017-05-20 18:53:12.015475+00', false, 98, 580);
INSERT INTO person_service_account (id, insert_date, is_hidden, person_id, service_account_id) VALUES (132, '2017-05-20 18:53:12.015475+00', false, 53, 581);
INSERT INTO person_service_account (id, insert_date, is_hidden, person_id, service_account_id) VALUES (133, '2017-05-20 18:53:12.015475+00', false, 66, 582);
INSERT INTO person_service_account (id, insert_date, is_hidden, person_id, service_account_id) VALUES (134, '2017-05-20 18:53:12.015475+00', false, 99, 583);
INSERT INTO person_service_account (id, insert_date, is_hidden, person_id, service_account_id) VALUES (135, '2017-05-20 18:53:12.015475+00', false, 54, 584);
INSERT INTO person_service_account (id, insert_date, is_hidden, person_id, service_account_id) VALUES (136, '2017-05-20 18:53:12.015475+00', false, 79, 585);
INSERT INTO person_service_account (id, insert_date, is_hidden, person_id, service_account_id) VALUES (137, '2017-05-20 18:53:12.015475+00', false, 55, 586);
INSERT INTO person_service_account (id, insert_date, is_hidden, person_id, service_account_id) VALUES (138, '2017-05-20 18:53:12.015475+00', false, 67, 587);
INSERT INTO person_service_account (id, insert_date, is_hidden, person_id, service_account_id) VALUES (139, '2017-05-20 18:53:12.015475+00', false, 100, 588);
INSERT INTO person_service_account (id, insert_date, is_hidden, person_id, service_account_id) VALUES (140, '2017-05-20 18:53:12.015475+00', false, 56, 589);
INSERT INTO person_service_account (id, insert_date, is_hidden, person_id, service_account_id) VALUES (141, '2017-05-20 18:53:12.015475+00', false, 75, 590);
INSERT INTO person_service_account (id, insert_date, is_hidden, person_id, service_account_id) VALUES (142, '2017-05-20 18:53:12.015475+00', false, 77, 591);
INSERT INTO person_service_account (id, insert_date, is_hidden, person_id, service_account_id) VALUES (143, '2017-05-20 18:53:12.015475+00', false, 85, 592);
INSERT INTO person_service_account (id, insert_date, is_hidden, person_id, service_account_id) VALUES (144, '2017-05-20 18:53:12.015475+00', false, 86, 593);
INSERT INTO person_service_account (id, insert_date, is_hidden, person_id, service_account_id) VALUES (145, '2017-05-20 18:53:12.015475+00', false, 87, 594);
INSERT INTO person_service_account (id, insert_date, is_hidden, person_id, service_account_id) VALUES (146, '2017-05-20 18:53:12.015475+00', false, 76, 595);
INSERT INTO person_service_account (id, insert_date, is_hidden, person_id, service_account_id) VALUES (147, '2017-05-20 18:53:12.015475+00', false, 80, 596);
INSERT INTO person_service_account (id, insert_date, is_hidden, person_id, service_account_id) VALUES (148, '2017-05-20 18:53:12.015475+00', false, 57, 597);
INSERT INTO person_service_account (id, insert_date, is_hidden, person_id, service_account_id) VALUES (149, '2017-05-20 18:53:12.015475+00', false, 62, 598);
INSERT INTO person_service_account (id, insert_date, is_hidden, person_id, service_account_id) VALUES (150, '2017-05-20 18:53:12.015475+00', false, 88, 599);
INSERT INTO person_service_account (id, insert_date, is_hidden, person_id, service_account_id) VALUES (151, '2017-05-20 21:09:30.963883+00', false, 101, 509);
INSERT INTO person_service_account (id, insert_date, is_hidden, person_id, service_account_id) VALUES (152, '2017-05-20 21:09:30.963883+00', false, 102, 510);
INSERT INTO person_service_account (id, insert_date, is_hidden, person_id, service_account_id) VALUES (153, '2017-05-20 21:09:30.963883+00', false, 103, 511);
INSERT INTO person_service_account (id, insert_date, is_hidden, person_id, service_account_id) VALUES (154, '2017-05-20 21:09:30.963883+00', false, 104, 512);
INSERT INTO person_service_account (id, insert_date, is_hidden, person_id, service_account_id) VALUES (155, '2017-05-20 21:09:30.963883+00', false, 105, 513);
INSERT INTO person_service_account (id, insert_date, is_hidden, person_id, service_account_id) VALUES (156, '2017-05-20 21:09:30.963883+00', false, 106, 514);
INSERT INTO person_service_account (id, insert_date, is_hidden, person_id, service_account_id) VALUES (157, '2017-05-20 21:09:30.963883+00', false, 107, 515);
INSERT INTO person_service_account (id, insert_date, is_hidden, person_id, service_account_id) VALUES (158, '2017-05-20 21:47:26.111876+00', false, 101, 553);
INSERT INTO person_service_account (id, insert_date, is_hidden, person_id, service_account_id) VALUES (159, '2017-05-20 21:47:26.111876+00', false, 102, 555);
INSERT INTO person_service_account (id, insert_date, is_hidden, person_id, service_account_id) VALUES (160, '2017-05-20 21:47:26.111876+00', false, 103, 560);
INSERT INTO person_service_account (id, insert_date, is_hidden, person_id, service_account_id) VALUES (161, '2017-05-20 21:47:26.111876+00', false, 104, 562);
INSERT INTO person_service_account (id, insert_date, is_hidden, person_id, service_account_id) VALUES (162, '2017-05-20 21:47:26.111876+00', false, 105, 570);
INSERT INTO person_service_account (id, insert_date, is_hidden, person_id, service_account_id) VALUES (163, '2017-05-20 21:47:26.111876+00', false, 106, 571);
INSERT INTO person_service_account (id, insert_date, is_hidden, person_id, service_account_id) VALUES (164, '2017-05-20 21:47:26.111876+00', false, 107, 579);


--
-- Name: person_service_account_id_seq; Type: SEQUENCE SET; Schema: public; Owner: postgres
--

SELECT pg_catalog.setval('person_service_account_id_seq', 164, true);


--
-- Data for Name: service; Type: TABLE DATA; Schema: public; Owner: postgres
--

INSERT INTO service (id, insert_date, is_hidden, code, title, description) VALUES (1, '2017-04-25 21:14:57.783075+00', false, 'MAIL_RU', NULL, NULL);
INSERT INTO service (id, insert_date, is_hidden, code, title, description) VALUES (2, '2017-04-25 21:14:58.127212+00', false, 'YANDEX_MAIL', NULL, NULL);
INSERT INTO service (id, insert_date, is_hidden, code, title, description) VALUES (3, '2017-04-25 21:14:58.442057+00', false, 'PIKABU_RU', NULL, NULL);
INSERT INTO service (id, insert_date, is_hidden, code, title, description) VALUES (4, '2017-04-25 21:14:58.912066+00', false, '94.26.192.172:24531', NULL, NULL);
INSERT INTO service (id, insert_date, is_hidden, code, title, description) VALUES (5, '2017-04-25 21:14:58.912066+00', false, '185.139.215.207:24531', NULL, NULL);
INSERT INTO service (id, insert_date, is_hidden, code, title, description) VALUES (6, '2017-04-25 21:14:58.927692+00', false, '185.139.215.208:24531', NULL, NULL);
INSERT INTO service (id, insert_date, is_hidden, code, title, description) VALUES (7, '2017-04-25 21:14:58.927692+00', false, '94.26.192.180:24531', NULL, NULL);
INSERT INTO service (id, insert_date, is_hidden, code, title, description) VALUES (8, '2017-04-25 21:14:58.943318+00', false, '185.47.207.113:24531', NULL, NULL);
INSERT INTO service (id, insert_date, is_hidden, code, title, description) VALUES (9, '2017-04-25 21:14:58.943318+00', false, '94.26.192.183:24531', NULL, NULL);
INSERT INTO service (id, insert_date, is_hidden, code, title, description) VALUES (10, '2017-04-25 21:14:58.943318+00', false, '185.139.215.215:24531', NULL, NULL);
INSERT INTO service (id, insert_date, is_hidden, code, title, description) VALUES (11, '2017-04-25 21:14:58.958945+00', false, '185.139.215.43:24531', NULL, NULL);
INSERT INTO service (id, insert_date, is_hidden, code, title, description) VALUES (12, '2017-04-25 21:14:58.958945+00', false, '185.47.207.116:24531', NULL, NULL);
INSERT INTO service (id, insert_date, is_hidden, code, title, description) VALUES (13, '2017-04-25 21:14:58.974571+00', false, '185.139.215.218:24531', NULL, NULL);
INSERT INTO service (id, insert_date, is_hidden, code, title, description) VALUES (14, '2017-04-25 21:14:58.974571+00', false, '94.26.192.189:24531', NULL, NULL);
INSERT INTO service (id, insert_date, is_hidden, code, title, description) VALUES (15, '2017-04-25 21:14:58.974571+00', false, '185.139.215.49:24531', NULL, NULL);
INSERT INTO service (id, insert_date, is_hidden, code, title, description) VALUES (16, '2017-04-25 21:14:58.995567+00', false, '185.47.207.253:24531', NULL, NULL);
INSERT INTO service (id, insert_date, is_hidden, code, title, description) VALUES (17, '2017-04-25 21:14:59.002405+00', false, '94.26.192.196:24531', NULL, NULL);
INSERT INTO service (id, insert_date, is_hidden, code, title, description) VALUES (18, '2017-04-25 21:14:59.008267+00', false, '185.47.207.129:24531', NULL, NULL);
INSERT INTO service (id, insert_date, is_hidden, code, title, description) VALUES (19, '2017-04-25 21:14:59.015101+00', false, '94.26.192.200:24531', NULL, NULL);
INSERT INTO service (id, insert_date, is_hidden, code, title, description) VALUES (20, '2017-04-25 21:14:59.019984+00', false, '185.139.215.114:24531', NULL, NULL);
INSERT INTO service (id, insert_date, is_hidden, code, title, description) VALUES (21, '2017-04-25 21:14:59.02682+00', false, '185.47.207.68:24531', NULL, NULL);
INSERT INTO service (id, insert_date, is_hidden, code, title, description) VALUES (22, '2017-04-25 21:14:59.033657+00', false, '185.47.207.153:24531', NULL, NULL);
INSERT INTO service (id, insert_date, is_hidden, code, title, description) VALUES (23, '2017-04-25 21:14:59.040495+00', false, '94.26.192.223:24531', NULL, NULL);
INSERT INTO service (id, insert_date, is_hidden, code, title, description) VALUES (24, '2017-04-25 21:14:59.044489+00', false, '185.47.207.81:24531', NULL, NULL);
INSERT INTO service (id, insert_date, is_hidden, code, title, description) VALUES (25, '2017-04-25 21:14:59.052463+00', false, '185.139.215.7:24531', NULL, NULL);
INSERT INTO service (id, insert_date, is_hidden, code, title, description) VALUES (26, '2017-04-25 21:14:59.052463+00', false, '185.139.215.131:24531', NULL, NULL);
INSERT INTO service (id, insert_date, is_hidden, code, title, description) VALUES (27, '2017-04-25 21:14:59.052463+00', false, '185.47.207.160:24531', NULL, NULL);
INSERT INTO service (id, insert_date, is_hidden, code, title, description) VALUES (28, '2017-04-25 21:14:59.068084+00', false, '185.47.207.161:24531', NULL, NULL);
INSERT INTO service (id, insert_date, is_hidden, code, title, description) VALUES (29, '2017-04-25 21:14:59.068084+00', false, '185.47.207.162:24531', NULL, NULL);
INSERT INTO service (id, insert_date, is_hidden, code, title, description) VALUES (30, '2017-04-25 21:14:59.08371+00', false, '185.47.207.92:24531', NULL, NULL);
INSERT INTO service (id, insert_date, is_hidden, code, title, description) VALUES (31, '2017-04-25 21:14:59.08371+00', false, '94.26.192.238:24531', NULL, NULL);
INSERT INTO service (id, insert_date, is_hidden, code, title, description) VALUES (32, '2017-04-25 21:14:59.08371+00', false, '185.47.207.98:24531', NULL, NULL);
INSERT INTO service (id, insert_date, is_hidden, code, title, description) VALUES (33, '2017-04-25 21:14:59.099337+00', false, '94.26.192.242:24531', NULL, NULL);
INSERT INTO service (id, insert_date, is_hidden, code, title, description) VALUES (34, '2017-04-25 21:14:59.103517+00', false, '94.26.192.246:24531', NULL, NULL);
INSERT INTO service (id, insert_date, is_hidden, code, title, description) VALUES (35, '2017-04-25 21:14:59.103517+00', false, '185.139.215.149:24531', NULL, NULL);
INSERT INTO service (id, insert_date, is_hidden, code, title, description) VALUES (36, '2017-04-25 21:14:59.111545+00', false, '185.139.215.73:24531', NULL, NULL);
INSERT INTO service (id, insert_date, is_hidden, code, title, description) VALUES (37, '2017-04-25 21:14:59.111545+00', false, '94.26.192.248:24531', NULL, NULL);
INSERT INTO service (id, insert_date, is_hidden, code, title, description) VALUES (38, '2017-04-25 21:14:59.111545+00', false, '185.139.215.151:24531', NULL, NULL);
INSERT INTO service (id, insert_date, is_hidden, code, title, description) VALUES (39, '2017-04-25 21:14:59.127171+00', false, '185.47.207.4:24531', NULL, NULL);
INSERT INTO service (id, insert_date, is_hidden, code, title, description) VALUES (40, '2017-04-25 21:14:59.127171+00', false, '185.139.215.153:24531', NULL, NULL);
INSERT INTO service (id, insert_date, is_hidden, code, title, description) VALUES (41, '2017-04-25 21:14:59.127171+00', false, '185.139.215.77:24531', NULL, NULL);
INSERT INTO service (id, insert_date, is_hidden, code, title, description) VALUES (42, '2017-04-25 21:14:59.142797+00', false, '94.26.192.253:24531', NULL, NULL);
INSERT INTO service (id, insert_date, is_hidden, code, title, description) VALUES (43, '2017-04-25 21:14:59.142797+00', false, '185.139.215.157:24531', NULL, NULL);
INSERT INTO service (id, insert_date, is_hidden, code, title, description) VALUES (44, '2017-04-25 21:14:59.142797+00', false, '185.47.207.186:24531', NULL, NULL);
INSERT INTO service (id, insert_date, is_hidden, code, title, description) VALUES (45, '2017-04-25 21:14:59.158423+00', false, '185.47.207.23:24531', NULL, NULL);
INSERT INTO service (id, insert_date, is_hidden, code, title, description) VALUES (46, '2017-04-25 21:14:59.158423+00', false, '94.26.192.137:24531', NULL, NULL);
INSERT INTO service (id, insert_date, is_hidden, code, title, description) VALUES (47, '2017-04-25 21:14:59.158423+00', false, '94.26.192.142:24531', NULL, NULL);
INSERT INTO service (id, insert_date, is_hidden, code, title, description) VALUES (48, '2017-04-25 21:14:59.158423+00', false, '94.26.192.147:24531', NULL, NULL);
INSERT INTO service (id, insert_date, is_hidden, code, title, description) VALUES (49, '2017-04-25 21:14:59.17405+00', false, '185.47.207.206:24531', NULL, NULL);
INSERT INTO service (id, insert_date, is_hidden, code, title, description) VALUES (50, '2017-04-25 21:14:59.17405+00', false, '185.47.207.48:24531', NULL, NULL);
INSERT INTO service (id, insert_date, is_hidden, code, title, description) VALUES (51, '2017-04-25 21:14:59.17405+00', false, '185.139.215.19:24531', NULL, NULL);
INSERT INTO service (id, insert_date, is_hidden, code, title, description) VALUES (52, '2017-04-25 21:14:59.189677+00', false, '185.139.215.22:24531', NULL, NULL);
INSERT INTO service (id, insert_date, is_hidden, code, title, description) VALUES (53, '2017-04-25 21:14:59.189677+00', false, '94.26.192.168:24531', NULL, NULL);


--
-- Data for Name: service_account; Type: TABLE DATA; Schema: public; Owner: postgres
--

INSERT INTO service_account (id, insert_date, is_hidden, service_id, login, password, description) VALUES (1, '2017-04-25 21:14:57.783075+00', false, 1, 'elenaglyzov14wz@mail.ru', 'npr9Ynve', NULL);
INSERT INTO service_account (id, insert_date, is_hidden, service_id, login, password, description) VALUES (2, '2017-04-25 21:14:57.798701+00', false, 1, 'vadimna6@mail.ru', 'f4v6139Xfo', NULL);
INSERT INTO service_account (id, insert_date, is_hidden, service_id, login, password, description) VALUES (3, '2017-04-25 21:14:57.798701+00', false, 1, 'boryanikl3we@mail.ru', 'NB01jcpri9', NULL);
INSERT INTO service_account (id, insert_date, is_hidden, service_id, login, password, description) VALUES (4, '2017-04-25 21:14:57.798701+00', false, 1, 'nazarry7cjq@mail.ru', 'txn9k28Vk5', NULL);
INSERT INTO service_account (id, insert_date, is_hidden, service_id, login, password, description) VALUES (5, '2017-04-25 21:14:57.798701+00', false, 1, 'olegzaloga6bc@mail.ru', 'q42JlwqMz', NULL);
INSERT INTO service_account (id, insert_date, is_hidden, service_id, login, password, description) VALUES (6, '2017-04-25 21:14:57.798701+00', false, 1, 'bronislavb4n@mail.ru', 'a59pE9F4', NULL);
INSERT INTO service_account (id, insert_date, is_hidden, service_id, login, password, description) VALUES (7, '2017-04-25 21:14:57.798701+00', false, 1, 'yaroslavuqytro@mail.ru', 'k7A20stL', NULL);
INSERT INTO service_account (id, insert_date, is_hidden, service_id, login, password, description) VALUES (8, '2017-04-25 21:14:57.798701+00', false, 1, 'inessapugom@mail.ru', 'kmUMk3DXc', NULL);
INSERT INTO service_account (id, insert_date, is_hidden, service_id, login, password, description) VALUES (9, '2017-04-25 21:14:57.798701+00', false, 1, 'nadyad67y@mail.ru', 'e01gt3MMU5', NULL);
INSERT INTO service_account (id, insert_date, is_hidden, service_id, login, password, description) VALUES (10, '2017-04-25 21:14:57.798701+00', false, 1, 'zoyastozbs@mail.ru', 'W7Zbr3D8L', NULL);
INSERT INTO service_account (id, insert_date, is_hidden, service_id, login, password, description) VALUES (11, '2017-04-25 21:14:57.798701+00', false, 1, 'swetarab@mail.ru', 'Ak18fGa6', NULL);
INSERT INTO service_account (id, insert_date, is_hidden, service_id, login, password, description) VALUES (12, '2017-04-25 21:14:57.814321+00', false, 1, 'witastcoo3@mail.ru', 'z0aaqb71Q', NULL);
INSERT INTO service_account (id, insert_date, is_hidden, service_id, login, password, description) VALUES (13, '2017-04-25 21:14:57.814321+00', false, 1, 'eksizyxjp5@mail.ru', 'k177vhguN0', NULL);
INSERT INTO service_account (id, insert_date, is_hidden, service_id, login, password, description) VALUES (14, '2017-04-25 21:14:57.814321+00', false, 1, 'rostislawauqqang@mail.ru', 'M23B8hJ6', NULL);
INSERT INTO service_account (id, insert_date, is_hidden, service_id, login, password, description) VALUES (15, '2017-04-25 21:14:57.814321+00', false, 1, 'germansinyakmz4@mail.ru', 'm5iHh9Bm3', NULL);
INSERT INTO service_account (id, insert_date, is_hidden, service_id, login, password, description) VALUES (16, '2017-04-25 21:14:57.814321+00', false, 1, 'larionpenh4@mail.ru', 'nk13Xw2e2', NULL);
INSERT INTO service_account (id, insert_date, is_hidden, service_id, login, password, description) VALUES (17, '2017-04-25 21:14:57.814321+00', false, 1, 'potapmoid1@mail.ru', 'a1B05M83v', NULL);
INSERT INTO service_account (id, insert_date, is_hidden, service_id, login, password, description) VALUES (18, '2017-04-25 21:14:57.814321+00', false, 1, 'lavrentijk5j@mail.ru', 'Rb44N44aX', NULL);
INSERT INTO service_account (id, insert_date, is_hidden, service_id, login, password, description) VALUES (19, '2017-04-25 21:14:57.814321+00', false, 1, 'natalya20kslag@mail.ru', 'u3wYj19So', NULL);
INSERT INTO service_account (id, insert_date, is_hidden, service_id, login, password, description) VALUES (20, '2017-04-25 21:14:57.814321+00', false, 1, 'polinaani4l9@mail.ru', 'Uxew5pSm27', NULL);
INSERT INTO service_account (id, insert_date, is_hidden, service_id, login, password, description) VALUES (21, '2017-04-25 21:14:57.814321+00', false, 1, 'tsavkinnsl@mail.ru', 'd9M2VqSt03', NULL);
INSERT INTO service_account (id, insert_date, is_hidden, service_id, login, password, description) VALUES (22, '2017-04-25 21:14:57.829947+00', false, 1, 'tolikdvo4nsd@mail.ru', 'zU2226kc3', NULL);
INSERT INTO service_account (id, insert_date, is_hidden, service_id, login, password, description) VALUES (23, '2017-04-25 21:14:57.829947+00', false, 1, 'aleksejbn1le@mail.ru', 'm4xCsl4uk', NULL);
INSERT INTO service_account (id, insert_date, is_hidden, service_id, login, password, description) VALUES (24, '2017-04-25 21:14:57.829947+00', false, 1, 'galyacmcha@mail.ru', 'mrh5AlfhBD', NULL);
INSERT INTO service_account (id, insert_date, is_hidden, service_id, login, password, description) VALUES (25, '2017-04-25 21:14:57.829947+00', false, 1, 'ewgeniya9xk@mail.ru', 'sab4zr01Ws', NULL);
INSERT INTO service_account (id, insert_date, is_hidden, service_id, login, password, description) VALUES (26, '2017-04-25 21:14:57.829947+00', false, 1, 'leonardloog@mail.ru', 'q40Xdvr8', NULL);
INSERT INTO service_account (id, insert_date, is_hidden, service_id, login, password, description) VALUES (27, '2017-04-25 21:14:57.829947+00', false, 1, 'marinahzkmu@mail.ru', 'dF867Nnv4', NULL);
INSERT INTO service_account (id, insert_date, is_hidden, service_id, login, password, description) VALUES (28, '2017-04-25 21:14:57.829947+00', false, 1, 'waleriya87cbax@mail.ru', 'h2r0pJ2ax6', NULL);
INSERT INTO service_account (id, insert_date, is_hidden, service_id, login, password, description) VALUES (29, '2017-04-25 21:14:57.829947+00', false, 1, 'trofimzefx0@mail.ru', 'mlyd1hM7h5', NULL);
INSERT INTO service_account (id, insert_date, is_hidden, service_id, login, password, description) VALUES (30, '2017-04-25 21:14:57.829947+00', false, 1, 'trofimsj5y@mail.ru', 'x38j63Mxl4', NULL);
INSERT INTO service_account (id, insert_date, is_hidden, service_id, login, password, description) VALUES (31, '2017-04-25 21:14:57.829947+00', false, 1, 'kristinacm4e@mail.ru', 'k9I4z89s97', NULL);
INSERT INTO service_account (id, insert_date, is_hidden, service_id, login, password, description) VALUES (32, '2017-04-25 21:14:57.845573+00', false, 1, 'nadya7dmev@mail.ru', 'kB3ciJy0', NULL);
INSERT INTO service_account (id, insert_date, is_hidden, service_id, login, password, description) VALUES (33, '2017-04-25 21:14:57.845573+00', false, 1, 'olga67dorin@mail.ru', 'uMX000t6', NULL);
INSERT INTO service_account (id, insert_date, is_hidden, service_id, login, password, description) VALUES (34, '2017-04-25 21:14:57.845573+00', false, 1, 'allafrnxr@mail.ru', 'CV4910gfs', NULL);
INSERT INTO service_account (id, insert_date, is_hidden, service_id, login, password, description) VALUES (35, '2017-04-25 21:14:57.845573+00', false, 1, 'ilyashaninnv@mail.ru', 'zx0s91tT', NULL);
INSERT INTO service_account (id, insert_date, is_hidden, service_id, login, password, description) VALUES (36, '2017-04-25 21:14:57.845573+00', false, 1, 'romans0b29@mail.ru', 'toy5BpItd2', NULL);
INSERT INTO service_account (id, insert_date, is_hidden, service_id, login, password, description) VALUES (37, '2017-04-25 21:14:57.845573+00', false, 1, 'sofiyaaje0@mail.ru', 'n88Hu6xu', NULL);
INSERT INTO service_account (id, insert_date, is_hidden, service_id, login, password, description) VALUES (38, '2017-04-25 21:14:57.845573+00', false, 1, 'taisiya3eowd@mail.ru', 'e4r116Jevb', NULL);
INSERT INTO service_account (id, insert_date, is_hidden, service_id, login, password, description) VALUES (39, '2017-04-25 21:14:57.845573+00', false, 1, 'ivan9k64met@mail.ru', 'iy3IMX2N', NULL);
INSERT INTO service_account (id, insert_date, is_hidden, service_id, login, password, description) VALUES (40, '2017-04-25 21:14:57.845573+00', false, 1, 'andrejz50ezuewa@mail.ru', 'vPJLv1F59', NULL);
INSERT INTO service_account (id, insert_date, is_hidden, service_id, login, password, description) VALUES (41, '2017-04-25 21:14:57.845573+00', false, 1, 'markustgx@mail.ru', 'oiPxy9xC2', NULL);
INSERT INTO service_account (id, insert_date, is_hidden, service_id, login, password, description) VALUES (42, '2017-04-25 21:14:57.861209+00', false, 1, 'maryac49chu@mail.ru', 'x3p5gPxl', NULL);
INSERT INTO service_account (id, insert_date, is_hidden, service_id, login, password, description) VALUES (43, '2017-04-25 21:14:57.861209+00', false, 1, 'lyubawaasoyz@mail.ru', 'g0O50vNQ', NULL);
INSERT INTO service_account (id, insert_date, is_hidden, service_id, login, password, description) VALUES (44, '2017-04-25 21:14:57.861209+00', false, 1, 'egorloo6@mail.ru', 'k3dUwTcVc1', NULL);
INSERT INTO service_account (id, insert_date, is_hidden, service_id, login, password, description) VALUES (45, '2017-04-25 21:14:57.861209+00', false, 1, 'ewelinamjbbsh@mail.ru', 'W568tP3c', NULL);
INSERT INTO service_account (id, insert_date, is_hidden, service_id, login, password, description) VALUES (46, '2017-04-25 21:14:57.861209+00', false, 1, 'adam8s22@mail.ru', 'lZ6610jiWR', NULL);
INSERT INTO service_account (id, insert_date, is_hidden, service_id, login, password, description) VALUES (47, '2017-04-25 21:14:57.861209+00', false, 1, 'vladislavkusqt1@mail.ru', 'UnSLdNCl6', NULL);
INSERT INTO service_account (id, insert_date, is_hidden, service_id, login, password, description) VALUES (48, '2017-04-25 21:14:57.861209+00', false, 1, 'alfred38zab@mail.ru', 'qTeLfF03mX', NULL);
INSERT INTO service_account (id, insert_date, is_hidden, service_id, login, password, description) VALUES (49, '2017-04-25 21:14:57.861209+00', false, 1, 'nikitas2bez@mail.ru', 'auzT9736', NULL);
INSERT INTO service_account (id, insert_date, is_hidden, service_id, login, password, description) VALUES (50, '2017-04-25 21:14:57.861209+00', false, 1, 'leonid4pg7all@mail.ru', 'bgn4y7Oq', NULL);
INSERT INTO service_account (id, insert_date, is_hidden, service_id, login, password, description) VALUES (51, '2017-04-25 21:14:57.861209+00', false, 1, 'roza42kpaba@mail.ru', 's6F4mp816r', NULL);
INSERT INTO service_account (id, insert_date, is_hidden, service_id, login, password, description) VALUES (52, '2017-04-25 21:14:57.876826+00', false, 1, 'dmitrijdeunv63@mail.ru', 'bruy0vjEr1', NULL);
INSERT INTO service_account (id, insert_date, is_hidden, service_id, login, password, description) VALUES (53, '2017-04-25 21:14:57.876826+00', false, 1, 'vladilenc0ijxot@mail.ru', 'd5Rt5nz7', NULL);
INSERT INTO service_account (id, insert_date, is_hidden, service_id, login, password, description) VALUES (54, '2017-04-25 21:14:57.876826+00', false, 1, 'tatyanal9p@mail.ru', 'zT9sFn5An5', NULL);
INSERT INTO service_account (id, insert_date, is_hidden, service_id, login, password, description) VALUES (55, '2017-04-25 21:14:57.876826+00', false, 1, 'natalyamaz8og@mail.ru', 'x694x2Pevb', NULL);
INSERT INTO service_account (id, insert_date, is_hidden, service_id, login, password, description) VALUES (56, '2017-04-25 21:14:57.876826+00', false, 1, 'lilyawrxtok@mail.ru', 'EzoPj58wz', NULL);
INSERT INTO service_account (id, insert_date, is_hidden, service_id, login, password, description) VALUES (57, '2017-04-25 21:14:57.876826+00', false, 1, 'vadim79fa@mail.ru', 'OGU9ZJ4F2', NULL);
INSERT INTO service_account (id, insert_date, is_hidden, service_id, login, password, description) VALUES (58, '2017-04-25 21:14:57.876826+00', false, 1, 'lavrentijili7v5@mail.ru', 'y6s6bWti', NULL);
INSERT INTO service_account (id, insert_date, is_hidden, service_id, login, password, description) VALUES (59, '2017-04-25 21:14:57.876826+00', false, 1, 'vladlenzpwoal@mail.ru', 't0Js7o220', NULL);
INSERT INTO service_account (id, insert_date, is_hidden, service_id, login, password, description) VALUES (60, '2017-04-25 21:14:57.876826+00', false, 1, 'zaxarkk6a@mail.ru', 'v7U0br40', NULL);
INSERT INTO service_account (id, insert_date, is_hidden, service_id, login, password, description) VALUES (61, '2017-04-25 21:14:57.876826+00', false, 1, 'pyotrglami0@mail.ru', 'y5Nx2V4U', NULL);
INSERT INTO service_account (id, insert_date, is_hidden, service_id, login, password, description) VALUES (62, '2017-04-25 21:14:57.892452+00', false, 1, 'elena6u0kr@mail.ru', 'j9VUBYaO2', NULL);
INSERT INTO service_account (id, insert_date, is_hidden, service_id, login, password, description) VALUES (63, '2017-04-25 21:14:57.892452+00', false, 1, 'alfredcu1za@mail.ru', 'D8MJ9ybf', NULL);
INSERT INTO service_account (id, insert_date, is_hidden, service_id, login, password, description) VALUES (64, '2017-04-25 21:14:57.892452+00', false, 1, 'larionma2gxg@mail.ru', 'm4Tmwvi8q', NULL);
INSERT INTO service_account (id, insert_date, is_hidden, service_id, login, password, description) VALUES (65, '2017-04-25 21:14:57.892452+00', false, 1, 'genrixma8yc8@mail.ru', 'd43M0FcG', NULL);
INSERT INTO service_account (id, insert_date, is_hidden, service_id, login, password, description) VALUES (66, '2017-04-25 21:14:57.892452+00', false, 1, 'bogdanakay@mail.ru', 'h7pMhVa4', NULL);
INSERT INTO service_account (id, insert_date, is_hidden, service_id, login, password, description) VALUES (67, '2017-04-25 21:14:57.892452+00', false, 1, 'tatyana2g9m@mail.ru', 'ICw3SLct69', NULL);
INSERT INTO service_account (id, insert_date, is_hidden, service_id, login, password, description) VALUES (68, '2017-04-25 21:14:57.892452+00', false, 1, 'vanyaebuzlov@mail.ru', 'zAm3lr69', NULL);
INSERT INTO service_account (id, insert_date, is_hidden, service_id, login, password, description) VALUES (69, '2017-04-25 21:14:57.892452+00', false, 1, 'valentinnom4x7z@mail.ru', 'ql4cHjtD1b', NULL);
INSERT INTO service_account (id, insert_date, is_hidden, service_id, login, password, description) VALUES (70, '2017-04-25 21:14:57.892452+00', false, 1, 'kristina5jz@mail.ru', 'T2E75rZri', NULL);
INSERT INTO service_account (id, insert_date, is_hidden, service_id, login, password, description) VALUES (71, '2017-04-25 21:14:57.892452+00', false, 1, 'olyanikysld@mail.ru', 'm0S6L538N', NULL);
INSERT INTO service_account (id, insert_date, is_hidden, service_id, login, password, description) VALUES (72, '2017-04-25 21:14:57.892452+00', false, 1, 'ulyanac1bwe@mail.ru', 'q0jerWpx9', NULL);
INSERT INTO service_account (id, insert_date, is_hidden, service_id, login, password, description) VALUES (73, '2017-04-25 21:14:57.908084+00', false, 1, 'lyubawaf1koz@mail.ru', 'qvL38gz0', NULL);
INSERT INTO service_account (id, insert_date, is_hidden, service_id, login, password, description) VALUES (74, '2017-04-25 21:14:57.908084+00', false, 1, 'sashatvxs@mail.ru', 'baY4QP339', NULL);
INSERT INTO service_account (id, insert_date, is_hidden, service_id, login, password, description) VALUES (75, '2017-04-25 21:14:57.908084+00', false, 1, 'eduardsol27@mail.ru', 'zBG872AX', NULL);
INSERT INTO service_account (id, insert_date, is_hidden, service_id, login, password, description) VALUES (76, '2017-04-25 21:14:57.908084+00', false, 1, 'ewgeniyaosshpl@mail.ru', 'rtloA52d', NULL);
INSERT INTO service_account (id, insert_date, is_hidden, service_id, login, password, description) VALUES (77, '2017-04-25 21:14:57.908084+00', false, 1, 'fyodorgalwds4@mail.ru', 'p7RlvpGha', NULL);
INSERT INTO service_account (id, insert_date, is_hidden, service_id, login, password, description) VALUES (78, '2017-04-25 21:14:57.908084+00', false, 1, 'adamwcbbl@mail.ru', 'Jg3o8W4f', NULL);
INSERT INTO service_account (id, insert_date, is_hidden, service_id, login, password, description) VALUES (79, '2017-04-25 21:14:57.908084+00', false, 1, 'taisyash01ea@mail.ru', 'os55Nuo895', NULL);
INSERT INTO service_account (id, insert_date, is_hidden, service_id, login, password, description) VALUES (80, '2017-04-25 21:14:57.908084+00', false, 1, 'yam1rybnov@mail.ru', 'V18601T1R', NULL);
INSERT INTO service_account (id, insert_date, is_hidden, service_id, login, password, description) VALUES (81, '2017-04-25 21:14:57.908084+00', false, 1, 'germany9x3@mail.ru', 'vJ1yOPlD', NULL);
INSERT INTO service_account (id, insert_date, is_hidden, service_id, login, password, description) VALUES (82, '2017-04-25 21:14:57.908084+00', false, 1, 'lizakritp@mail.ru', 'qe91WJrR79', NULL);
INSERT INTO service_account (id, insert_date, is_hidden, service_id, login, password, description) VALUES (83, '2017-04-25 21:14:57.923707+00', false, 1, 'vl9djmkokin@mail.ru', 'd1857qJ2', NULL);
INSERT INTO service_account (id, insert_date, is_hidden, service_id, login, password, description) VALUES (84, '2017-04-25 21:14:57.923707+00', false, 1, 'fyodorrhtr@mail.ru', 'x16pW947mi', NULL);
INSERT INTO service_account (id, insert_date, is_hidden, service_id, login, password, description) VALUES (85, '2017-04-25 21:14:57.923707+00', false, 1, 'maryanapis5usn@mail.ru', 'xt8bgHd31', NULL);
INSERT INTO service_account (id, insert_date, is_hidden, service_id, login, password, description) VALUES (86, '2017-04-25 21:14:57.923707+00', false, 1, 'leopoldyad464@mail.ru', 'L5Xsl9yi11', NULL);
INSERT INTO service_account (id, insert_date, is_hidden, service_id, login, password, description) VALUES (87, '2017-04-25 21:14:57.923707+00', false, 1, 'klaray1l@mail.ru', 'sj38tDf00z', NULL);
INSERT INTO service_account (id, insert_date, is_hidden, service_id, login, password, description) VALUES (88, '2017-04-25 21:14:57.923707+00', false, 1, 'gerasimdec8pr@mail.ru', 'H2tLj8930', NULL);
INSERT INTO service_account (id, insert_date, is_hidden, service_id, login, password, description) VALUES (89, '2017-04-25 21:14:57.923707+00', false, 1, 'sofiyasimsl@mail.ru', 'rqz80tlmQd', NULL);
INSERT INTO service_account (id, insert_date, is_hidden, service_id, login, password, description) VALUES (90, '2017-04-25 21:14:57.923707+00', false, 1, 'timurpakddu@mail.ru', 'meUb63nx', NULL);
INSERT INTO service_account (id, insert_date, is_hidden, service_id, login, password, description) VALUES (91, '2017-04-25 21:14:57.923707+00', false, 1, 'galina08wz@mail.ru', 'muQ72ss3rr', NULL);
INSERT INTO service_account (id, insert_date, is_hidden, service_id, login, password, description) VALUES (92, '2017-04-25 21:14:57.923707+00', false, 1, 'daryace89@mail.ru', 'y9ZTeam38', NULL);
INSERT INTO service_account (id, insert_date, is_hidden, service_id, login, password, description) VALUES (93, '2017-04-25 21:14:57.939332+00', false, 1, 'allas413xu@mail.ru', 'cdr4myR6x', NULL);
INSERT INTO service_account (id, insert_date, is_hidden, service_id, login, password, description) VALUES (94, '2017-04-25 21:14:57.939332+00', false, 1, 'vladlenl8nare@mail.ru', 'n882ix0C', NULL);
INSERT INTO service_account (id, insert_date, is_hidden, service_id, login, password, description) VALUES (95, '2017-04-25 21:14:57.939332+00', false, 1, 'leonidao4x@mail.ru', 'g15I1D74eX', NULL);
INSERT INTO service_account (id, insert_date, is_hidden, service_id, login, password, description) VALUES (96, '2017-04-25 21:14:57.939332+00', false, 1, 'elenazhi8u@mail.ru', 'sAm192E4zN', NULL);
INSERT INTO service_account (id, insert_date, is_hidden, service_id, login, password, description) VALUES (97, '2017-04-25 21:14:57.939332+00', false, 1, 'zhannado0vy@mail.ru', 'fNG674H4', NULL);
INSERT INTO service_account (id, insert_date, is_hidden, service_id, login, password, description) VALUES (98, '2017-04-25 21:14:57.939332+00', false, 1, 'olyakz5b5@mail.ru', 'rxb5ccPt6', NULL);
INSERT INTO service_account (id, insert_date, is_hidden, service_id, login, password, description) VALUES (99, '2017-04-25 21:14:57.939332+00', false, 1, 'stanislawab75km@mail.ru', 'kxi2Y8ujn', NULL);
INSERT INTO service_account (id, insert_date, is_hidden, service_id, login, password, description) VALUES (100, '2017-04-25 21:14:57.939332+00', false, 1, 'albertsuxq2tu@mail.ru', 'yt883pj0I', NULL);
INSERT INTO service_account (id, insert_date, is_hidden, service_id, login, password, description) VALUES (101, '2017-04-25 21:14:57.939332+00', false, 1, 'borya3239s@mail.ru', 'Alg2mj0ki9', NULL);
INSERT INTO service_account (id, insert_date, is_hidden, service_id, login, password, description) VALUES (102, '2017-04-25 21:14:57.956054+00', false, 1, 'vladilen7f1sb@mail.ru', 'pgqwU4sZd0', NULL);
INSERT INTO service_account (id, insert_date, is_hidden, service_id, login, password, description) VALUES (103, '2017-04-25 21:14:57.95704+00', false, 1, 'vadimzy7k@mail.ru', 'p8pIsr941r', NULL);
INSERT INTO service_account (id, insert_date, is_hidden, service_id, login, password, description) VALUES (104, '2017-04-25 21:14:57.958017+00', false, 1, 'roksanau5u@mail.ru', 'yZToPA97', NULL);
INSERT INTO service_account (id, insert_date, is_hidden, service_id, login, password, description) VALUES (105, '2017-04-25 21:14:57.958985+00', false, 1, 'katya0rtto@mail.ru', 'p2r8hnNp', NULL);
INSERT INTO service_account (id, insert_date, is_hidden, service_id, login, password, description) VALUES (106, '2017-04-25 21:14:57.959962+00', false, 1, 'lyubomir1aw7z@mail.ru', 's58fK22j', NULL);
INSERT INTO service_account (id, insert_date, is_hidden, service_id, login, password, description) VALUES (107, '2017-04-25 21:14:57.960939+00', false, 1, 'yaroslavs25l8@mail.ru', 't4T846mJ', NULL);
INSERT INTO service_account (id, insert_date, is_hidden, service_id, login, password, description) VALUES (108, '2017-04-25 21:14:57.962892+00', false, 1, 'alfredyta@mail.ru', 'mctx1f6D', NULL);
INSERT INTO service_account (id, insert_date, is_hidden, service_id, login, password, description) VALUES (109, '2017-04-25 21:14:57.96387+00', false, 1, 'anatolijwss0@mail.ru', 'bs04h2X99J', NULL);
INSERT INTO service_account (id, insert_date, is_hidden, service_id, login, password, description) VALUES (110, '2017-04-25 21:14:57.965822+00', false, 1, 'gennadijvorks@mail.ru', 'mn8T04a1', NULL);
INSERT INTO service_account (id, insert_date, is_hidden, service_id, login, password, description) VALUES (111, '2017-04-25 21:14:57.966799+00', false, 1, 'vsevolod36llk@mail.ru', 'u6o1Ak83', NULL);
INSERT INTO service_account (id, insert_date, is_hidden, service_id, login, password, description) VALUES (112, '2017-04-25 21:14:57.967775+00', false, 1, 'boryawc3@mail.ru', 'zmfA01f6', NULL);
INSERT INTO service_account (id, insert_date, is_hidden, service_id, login, password, description) VALUES (113, '2017-04-25 21:14:57.969728+00', false, 1, 'ilya60eumed@mail.ru', 'ft08R8uhK5', NULL);
INSERT INTO service_account (id, insert_date, is_hidden, service_id, login, password, description) VALUES (114, '2017-04-25 21:14:57.97169+00', false, 1, 'leoseryjodhv@mail.ru', 'd5M11C44', NULL);
INSERT INTO service_account (id, insert_date, is_hidden, service_id, login, password, description) VALUES (115, '2017-04-25 21:14:57.972658+00', false, 1, 'wladazj4karz@mail.ru', 'al4F5dfw79', NULL);
INSERT INTO service_account (id, insert_date, is_hidden, service_id, login, password, description) VALUES (116, '2017-04-25 21:14:57.974612+00', false, 1, 'lyubowex5b@mail.ru', 'RJCW7okv1', NULL);
INSERT INTO service_account (id, insert_date, is_hidden, service_id, login, password, description) VALUES (117, '2017-04-25 21:14:57.975589+00', false, 1, 'natalyas5bn@mail.ru', 'sEfx55bfm', NULL);
INSERT INTO service_account (id, insert_date, is_hidden, service_id, login, password, description) VALUES (118, '2017-04-25 21:14:57.977546+00', false, 1, 'innacz8kfilov@mail.ru', 'y5xunUlb', NULL);
INSERT INTO service_account (id, insert_date, is_hidden, service_id, login, password, description) VALUES (119, '2017-04-25 21:14:57.97852+00', false, 1, 'lidazh4lqw@mail.ru', 'cS27s6f7', NULL);
INSERT INTO service_account (id, insert_date, is_hidden, service_id, login, password, description) VALUES (120, '2017-04-25 21:14:57.981447+00', false, 1, 'zhenyaki3n6q@mail.ru', 'L6bz741F', NULL);
INSERT INTO service_account (id, insert_date, is_hidden, service_id, login, password, description) VALUES (121, '2017-04-25 21:14:57.982426+00', false, 1, 'weraee3eb@mail.ru', 'wSwtkmfe', NULL);
INSERT INTO service_account (id, insert_date, is_hidden, service_id, login, password, description) VALUES (122, '2017-04-25 21:14:57.984378+00', false, 1, 'zhannad4pfokov@mail.ru', 'FM6wg5KM7o', NULL);
INSERT INTO service_account (id, insert_date, is_hidden, service_id, login, password, description) VALUES (123, '2017-04-25 21:14:57.985355+00', false, 1, 'fyodorfyg@mail.ru', 'e4F4kb8q', NULL);
INSERT INTO service_account (id, insert_date, is_hidden, service_id, login, password, description) VALUES (124, '2017-04-25 21:14:57.987309+00', false, 1, 'swetanetcz9c@mail.ru', 'rucv0Pxj', NULL);
INSERT INTO service_account (id, insert_date, is_hidden, service_id, login, password, description) VALUES (125, '2017-04-25 21:14:57.989263+00', false, 1, 'daryafas8d@mail.ru', 'cY3339n9Q4', NULL);
INSERT INTO service_account (id, insert_date, is_hidden, service_id, login, password, description) VALUES (126, '2017-04-25 21:14:57.990242+00', false, 1, 'karlkorut8@mail.ru', 'V8j918tg', NULL);
INSERT INTO service_account (id, insert_date, is_hidden, service_id, login, password, description) VALUES (127, '2017-04-25 21:14:57.992192+00', false, 1, 'yulianaxqwpo@mail.ru', 'hLVe7kQ2', NULL);
INSERT INTO service_account (id, insert_date, is_hidden, service_id, login, password, description) VALUES (128, '2017-04-25 21:14:57.993172+00', false, 1, 'markf4nr@mail.ru', 'xkoflaO6', NULL);
INSERT INTO service_account (id, insert_date, is_hidden, service_id, login, password, description) VALUES (129, '2017-04-25 21:14:57.994151+00', false, 1, 'andzhelabpk8ep@mail.ru', 'N3EDtp9jb4', NULL);
INSERT INTO service_account (id, insert_date, is_hidden, service_id, login, password, description) VALUES (130, '2017-04-25 21:14:57.996098+00', false, 1, 'yaroslavaiwh@mail.ru', 'ns329L9F', NULL);
INSERT INTO service_account (id, insert_date, is_hidden, service_id, login, password, description) VALUES (131, '2017-04-25 21:14:57.997076+00', false, 1, 'alyonaolqj@mail.ru', 'aXZixIu5', NULL);
INSERT INTO service_account (id, insert_date, is_hidden, service_id, login, password, description) VALUES (132, '2017-04-25 21:14:57.999028+00', false, 1, 'ninatecjb@mail.ru', 'Z4d4tJ00m', NULL);
INSERT INTO service_account (id, insert_date, is_hidden, service_id, login, password, description) VALUES (133, '2017-04-25 21:14:58.000982+00', false, 1, 'potapmadaevr3k@mail.ru', 'dF78Z1Ru', NULL);
INSERT INTO service_account (id, insert_date, is_hidden, service_id, login, password, description) VALUES (134, '2017-04-25 21:14:58.001959+00', false, 1, 'leonardi8kdo@mail.ru', 'p5h67k4kHK', NULL);
INSERT INTO service_account (id, insert_date, is_hidden, service_id, login, password, description) VALUES (135, '2017-04-25 21:14:58.003912+00', false, 1, 'stanislawadcz@mail.ru', 'G18v3XLnm', NULL);
INSERT INTO service_account (id, insert_date, is_hidden, service_id, login, password, description) VALUES (136, '2017-04-25 21:14:58.004892+00', false, 1, 'natalyad54ag@mail.ru', 'i4jljjsH', NULL);
INSERT INTO service_account (id, insert_date, is_hidden, service_id, login, password, description) VALUES (137, '2017-04-25 21:14:58.006842+00', false, 1, 'slaviklobd6f@mail.ru', 'orIKKDr65', NULL);
INSERT INTO service_account (id, insert_date, is_hidden, service_id, login, password, description) VALUES (138, '2017-04-25 21:14:58.007821+00', false, 1, 'vladilen8hk@mail.ru', 'e4cvwNE7', NULL);
INSERT INTO service_account (id, insert_date, is_hidden, service_id, login, password, description) VALUES (139, '2017-04-25 21:14:58.008795+00', false, 1, 'annaslipyjga@mail.ru', 'H0poHLx699', NULL);
INSERT INTO service_account (id, insert_date, is_hidden, service_id, login, password, description) VALUES (140, '2017-04-25 21:14:58.010912+00', false, 1, 'eduard9bl@mail.ru', 'd8H0V83v42', NULL);
INSERT INTO service_account (id, insert_date, is_hidden, service_id, login, password, description) VALUES (141, '2017-04-25 21:14:58.010912+00', false, 1, 'wladaboco8i@mail.ru', 'gclc3w6A6', NULL);
INSERT INTO service_account (id, insert_date, is_hidden, service_id, login, password, description) VALUES (142, '2017-04-25 21:14:58.010912+00', false, 1, 'stepan7nc7gru@mail.ru', 'nxfq68Hb', NULL);
INSERT INTO service_account (id, insert_date, is_hidden, service_id, login, password, description) VALUES (143, '2017-04-25 21:14:58.010912+00', false, 1, 'romanbil8o@mail.ru', 'y1vLZ07YO0', NULL);
INSERT INTO service_account (id, insert_date, is_hidden, service_id, login, password, description) VALUES (144, '2017-04-25 21:14:58.010912+00', false, 1, 'larionshxp@mail.ru', 'ry2uX8T0', NULL);
INSERT INTO service_account (id, insert_date, is_hidden, service_id, login, password, description) VALUES (145, '2017-04-25 21:14:58.018927+00', false, 1, 'lyudmilacuhrma@mail.ru', 'G4RHCLp5p', NULL);
INSERT INTO service_account (id, insert_date, is_hidden, service_id, login, password, description) VALUES (146, '2017-04-25 21:14:58.018927+00', false, 1, 'afcpilinyx@mail.ru', 'y9ubZi001', NULL);
INSERT INTO service_account (id, insert_date, is_hidden, service_id, login, password, description) VALUES (147, '2017-04-25 21:14:58.018927+00', false, 1, 'egori2bls@mail.ru', 'kaULeLFa5', NULL);
INSERT INTO service_account (id, insert_date, is_hidden, service_id, login, password, description) VALUES (148, '2017-04-25 21:14:58.018927+00', false, 1, 'vladislavvvlnm@mail.ru', 'N6iE149b', NULL);
INSERT INTO service_account (id, insert_date, is_hidden, service_id, login, password, description) VALUES (149, '2017-04-25 21:14:58.018927+00', false, 1, 'natbazin08@mail.ru', 'pe23jm56oD', NULL);
INSERT INTO service_account (id, insert_date, is_hidden, service_id, login, password, description) VALUES (150, '2017-04-25 21:14:58.018927+00', false, 1, 'polinazwvs@mail.ru', 'S47oaK010', NULL);
INSERT INTO service_account (id, insert_date, is_hidden, service_id, login, password, description) VALUES (151, '2017-04-25 21:14:58.018927+00', false, 1, 'konstantinsyedo@mail.ru', 'zqqg9Sv6', NULL);
INSERT INTO service_account (id, insert_date, is_hidden, service_id, login, password, description) VALUES (152, '2017-04-25 21:14:58.018927+00', false, 1, 'makarche8h@mail.ru', 'fDs02ez61', NULL);
INSERT INTO service_account (id, insert_date, is_hidden, service_id, login, password, description) VALUES (153, '2017-04-25 21:14:58.018927+00', false, 1, 'ulyanamasa@mail.ru', 'u0wN4Dh08', NULL);
INSERT INTO service_account (id, insert_date, is_hidden, service_id, login, password, description) VALUES (154, '2017-04-25 21:14:58.018927+00', false, 1, 'gerasimtry66@mail.ru', 'rlT3we0cj', NULL);
INSERT INTO service_account (id, insert_date, is_hidden, service_id, login, password, description) VALUES (155, '2017-04-25 21:14:58.034556+00', false, 1, 'ewe4tolxov@mail.ru', 'yyuQ6rT4', NULL);
INSERT INTO service_account (id, insert_date, is_hidden, service_id, login, password, description) VALUES (156, '2017-04-25 21:14:58.034556+00', false, 1, 'lyonyaanc8v@mail.ru', 'tOFdobqk2', NULL);
INSERT INTO service_account (id, insert_date, is_hidden, service_id, login, password, description) VALUES (157, '2017-04-25 21:14:58.034556+00', false, 1, 'alewtinaibwxb@mail.ru', 'n5x1WJbY', NULL);
INSERT INTO service_account (id, insert_date, is_hidden, service_id, login, password, description) VALUES (158, '2017-04-25 21:14:58.034556+00', false, 1, 'nataliyabv6la@mail.ru', 'Cn4a8a5p', NULL);
INSERT INTO service_account (id, insert_date, is_hidden, service_id, login, password, description) VALUES (159, '2017-04-25 21:14:58.034556+00', false, 1, 'tolikse0nrx@mail.ru', 'ar1C5kjfm5', NULL);
INSERT INTO service_account (id, insert_date, is_hidden, service_id, login, password, description) VALUES (160, '2017-04-25 21:14:58.034556+00', false, 1, 'yuliana4viw@mail.ru', 'maoJ286v', NULL);
INSERT INTO service_account (id, insert_date, is_hidden, service_id, login, password, description) VALUES (161, '2017-04-25 21:14:58.034556+00', false, 1, 'rostislawassvjko@mail.ru', 'odNL1D25', NULL);
INSERT INTO service_account (id, insert_date, is_hidden, service_id, login, password, description) VALUES (162, '2017-04-25 21:14:58.034556+00', false, 1, 'egorpevnp@mail.ru', 'ba2dHb7b', NULL);
INSERT INTO service_account (id, insert_date, is_hidden, service_id, login, password, description) VALUES (163, '2017-04-25 21:14:58.034556+00', false, 1, 'tamaratyieb@mail.ru', 'a0Nw579g9t', NULL);
INSERT INTO service_account (id, insert_date, is_hidden, service_id, login, password, description) VALUES (164, '2017-04-25 21:14:58.034556+00', false, 1, 'mariyaglhpo@mail.ru', 'RD1lb5G4qr', NULL);
INSERT INTO service_account (id, insert_date, is_hidden, service_id, login, password, description) VALUES (165, '2017-04-25 21:14:58.05018+00', false, 1, 'stanislawap4gg@mail.ru', 'w95K3085m', NULL);
INSERT INTO service_account (id, insert_date, is_hidden, service_id, login, password, description) VALUES (166, '2017-04-25 21:14:58.05018+00', false, 1, 'borisparuw@mail.ru', 'Xsjz00Ljq', NULL);
INSERT INTO service_account (id, insert_date, is_hidden, service_id, login, password, description) VALUES (167, '2017-04-25 21:14:58.05018+00', false, 1, 'anastasiyabasap@mail.ru', 'qhk8s9s8S5', NULL);
INSERT INTO service_account (id, insert_date, is_hidden, service_id, login, password, description) VALUES (168, '2017-04-25 21:14:58.05018+00', false, 1, 'slaviktru3f2k@mail.ru', 'MFTkGMpu1', NULL);
INSERT INTO service_account (id, insert_date, is_hidden, service_id, login, password, description) VALUES (169, '2017-04-25 21:14:58.05018+00', false, 1, 'platonsolur3@mail.ru', 'sxGtUIzf4', NULL);
INSERT INTO service_account (id, insert_date, is_hidden, service_id, login, password, description) VALUES (170, '2017-04-25 21:14:58.05018+00', false, 1, 'gn71bogush@mail.ru', 'hz7o7q6V1', NULL);
INSERT INTO service_account (id, insert_date, is_hidden, service_id, login, password, description) VALUES (171, '2017-04-25 21:14:58.05018+00', false, 1, 'leonard4vkat@mail.ru', 'kqtH8282', NULL);
INSERT INTO service_account (id, insert_date, is_hidden, service_id, login, password, description) VALUES (172, '2017-04-25 21:14:58.05018+00', false, 1, 'artyombajy2@mail.ru', 'qL3c2qB8', NULL);
INSERT INTO service_account (id, insert_date, is_hidden, service_id, login, password, description) VALUES (173, '2017-04-25 21:14:58.05018+00', false, 1, 'vladislavgwitkr@mail.ru', 'yCpmjyd2', NULL);
INSERT INTO service_account (id, insert_date, is_hidden, service_id, login, password, description) VALUES (174, '2017-04-25 21:14:58.05018+00', false, 1, 'arturmarix@mail.ru', 'bsY6EoX77', NULL);
INSERT INTO service_account (id, insert_date, is_hidden, service_id, login, password, description) VALUES (175, '2017-04-25 21:14:58.065809+00', false, 1, 'romanpisrf4@mail.ru', 'X40u7Qitr', NULL);
INSERT INTO service_account (id, insert_date, is_hidden, service_id, login, password, description) VALUES (176, '2017-04-25 21:14:58.065809+00', false, 1, 'yaroslavkt3qal@mail.ru', 'mT36x48w', NULL);
INSERT INTO service_account (id, insert_date, is_hidden, service_id, login, password, description) VALUES (177, '2017-04-25 21:14:58.065809+00', false, 1, 'leshamok2d2@mail.ru', 'u6Gc8w0t', NULL);
INSERT INTO service_account (id, insert_date, is_hidden, service_id, login, password, description) VALUES (178, '2017-04-25 21:14:58.065809+00', false, 1, 'vladislav0ietba@mail.ru', 'fu2vtkhDt3', NULL);
INSERT INTO service_account (id, insert_date, is_hidden, service_id, login, password, description) VALUES (179, '2017-04-25 21:14:58.065809+00', false, 1, 'stanislawali8e@mail.ru', 'HscnaT363', NULL);
INSERT INTO service_account (id, insert_date, is_hidden, service_id, login, password, description) VALUES (180, '2017-04-25 21:14:58.065809+00', false, 1, 'ewangelinaqgssm@mail.ru', 'Fb8o38g34w', NULL);
INSERT INTO service_account (id, insert_date, is_hidden, service_id, login, password, description) VALUES (181, '2017-04-25 21:14:58.065809+00', false, 1, 'toma5b6sk@mail.ru', 'Dzk6l6MB2', NULL);
INSERT INTO service_account (id, insert_date, is_hidden, service_id, login, password, description) VALUES (182, '2017-04-25 21:14:58.065809+00', false, 1, 'yanaego1gd@mail.ru', 'b0Z8G2qgz', NULL);
INSERT INTO service_account (id, insert_date, is_hidden, service_id, login, password, description) VALUES (183, '2017-04-25 21:14:58.065809+00', false, 1, 'gersychovnul3@mail.ru', 'u3xw9cSb', NULL);
INSERT INTO service_account (id, insert_date, is_hidden, service_id, login, password, description) VALUES (184, '2017-04-25 21:14:58.065809+00', false, 1, 'sara1b1ebu@mail.ru', 'j76tMTI5', NULL);
INSERT INTO service_account (id, insert_date, is_hidden, service_id, login, password, description) VALUES (185, '2017-04-25 21:14:58.081432+00', false, 1, 'waleriyas7mxg@mail.ru', 'hv13Ffrfuv', NULL);
INSERT INTO service_account (id, insert_date, is_hidden, service_id, login, password, description) VALUES (186, '2017-04-25 21:14:58.081432+00', false, 1, 'aleksejntl8zab@mail.ru', 'd4uvJye9', NULL);
INSERT INTO service_account (id, insert_date, is_hidden, service_id, login, password, description) VALUES (187, '2017-04-25 21:14:58.081432+00', false, 1, 'timurser1p@mail.ru', 'kdz613tR', NULL);
INSERT INTO service_account (id, insert_date, is_hidden, service_id, login, password, description) VALUES (188, '2017-04-25 21:14:58.081432+00', false, 1, 'gennadijwxd@mail.ru', 'zZ9m079mN9', NULL);
INSERT INTO service_account (id, insert_date, is_hidden, service_id, login, password, description) VALUES (189, '2017-04-25 21:14:58.081432+00', false, 1, 'vadimmipo@mail.ru', 'J8Q147kI', NULL);
INSERT INTO service_account (id, insert_date, is_hidden, service_id, login, password, description) VALUES (190, '2017-04-25 21:14:58.081432+00', false, 1, 'lyubawaneugw@mail.ru', 'SYMqx14b2C', NULL);
INSERT INTO service_account (id, insert_date, is_hidden, service_id, login, password, description) VALUES (191, '2017-04-25 21:14:58.081432+00', false, 1, 'irahxilov@mail.ru', 'Trhg389sU', NULL);
INSERT INTO service_account (id, insert_date, is_hidden, service_id, login, password, description) VALUES (192, '2017-04-25 21:14:58.081432+00', false, 1, 'ninaba0i7@mail.ru', 'Ywx2dKdNmq', NULL);
INSERT INTO service_account (id, insert_date, is_hidden, service_id, login, password, description) VALUES (193, '2017-04-25 21:14:58.081432+00', false, 1, 'borislegkij94k@mail.ru', 'gx1sgUFH9', NULL);
INSERT INTO service_account (id, insert_date, is_hidden, service_id, login, password, description) VALUES (194, '2017-04-25 21:14:58.081432+00', false, 1, 'milaluph@mail.ru', 'yUZ1TteL5V', NULL);
INSERT INTO service_account (id, insert_date, is_hidden, service_id, login, password, description) VALUES (195, '2017-04-25 21:14:58.081432+00', false, 1, 'nadezhdamqse@mail.ru', 'qFq1z410R', NULL);
INSERT INTO service_account (id, insert_date, is_hidden, service_id, login, password, description) VALUES (196, '2017-04-25 21:14:58.097821+00', false, 1, 'marinafhlasafev@mail.ru', 'RJawhbcyE9', NULL);
INSERT INTO service_account (id, insert_date, is_hidden, service_id, login, password, description) VALUES (197, '2017-04-25 21:14:58.098523+00', false, 1, 'adawo04k@mail.ru', 'gEl61xf0', NULL);
INSERT INTO service_account (id, insert_date, is_hidden, service_id, login, password, description) VALUES (198, '2017-04-25 21:14:58.0995+00', false, 1, 'ewdmarkultz@mail.ru', 't2L97A9bdi', NULL);
INSERT INTO service_account (id, insert_date, is_hidden, service_id, login, password, description) VALUES (199, '2017-04-25 21:14:58.100476+00', false, 1, 'ladaaw46qm@mail.ru', 'rr2n758H', NULL);
INSERT INTO service_account (id, insert_date, is_hidden, service_id, login, password, description) VALUES (200, '2017-04-25 21:14:58.102429+00', false, 1, 'gennadijfxari@mail.ru', 'uJAh8sdx97', NULL);
INSERT INTO service_account (id, insert_date, is_hidden, service_id, login, password, description) VALUES (201, '2017-04-25 21:14:58.127212+00', false, 2, 'dominicka.calinina2018@yandex.ru', 'wr0nJjC5o6E', NULL);
INSERT INTO service_account (id, insert_date, is_hidden, service_id, login, password, description) VALUES (202, '2017-04-25 21:14:58.127212+00', false, 2, 'vinogradowa.linara@yandex.ru', '3MmMEeknjst', NULL);
INSERT INTO service_account (id, insert_date, is_hidden, service_id, login, password, description) VALUES (203, '2017-04-25 21:14:58.127212+00', false, 2, 'isackowa.faina@yandex.ru', 'xvU4OZ2K', NULL);
INSERT INTO service_account (id, insert_date, is_hidden, service_id, login, password, description) VALUES (204, '2017-04-25 21:14:58.127212+00', false, 2, 'comissarov.boeslav@yandex.ru', 'HnyKYUV525U', NULL);
INSERT INTO service_account (id, insert_date, is_hidden, service_id, login, password, description) VALUES (205, '2017-04-25 21:14:58.127212+00', false, 2, 'sharapov.algis@yandex.ru', 'seg631XoP6b', NULL);
INSERT INTO service_account (id, insert_date, is_hidden, service_id, login, password, description) VALUES (206, '2017-04-25 21:14:58.142839+00', false, 2, 'KononovKlementii1984@yandex.ru', 'RuEyRvTF1N', NULL);
INSERT INTO service_account (id, insert_date, is_hidden, service_id, login, password, description) VALUES (207, '2017-04-25 21:14:58.142839+00', false, 2, 'kirillova.eliza@yandex.ru', 'HDh49h8LLiM', NULL);
INSERT INTO service_account (id, insert_date, is_hidden, service_id, login, password, description) VALUES (208, '2017-04-25 21:14:58.142839+00', false, 2, 'EfimovaVitalina@yandex.ru', '2F0AXETe8ON', NULL);
INSERT INTO service_account (id, insert_date, is_hidden, service_id, login, password, description) VALUES (209, '2017-04-25 21:14:58.142839+00', false, 2, 'SafonovEvsignii@yandex.ru', 'YaHq9y6ak', NULL);
INSERT INTO service_account (id, insert_date, is_hidden, service_id, login, password, description) VALUES (210, '2017-04-25 21:14:58.142839+00', false, 2, 'AllaAvdeeva1989@yandex.ru', 'qrirs8gxu', NULL);
INSERT INTO service_account (id, insert_date, is_hidden, service_id, login, password, description) VALUES (211, '2017-04-25 21:14:58.142839+00', false, 2, 'bolschakoff.iuvenaly@yandex.ru', 'xLwAj8xzU2', NULL);
INSERT INTO service_account (id, insert_date, is_hidden, service_id, login, password, description) VALUES (212, '2017-04-25 21:14:58.142839+00', false, 2, 'SeleznevaTereza1988@yandex.ru', 'HEVpcFl80jr', NULL);
INSERT INTO service_account (id, insert_date, is_hidden, service_id, login, password, description) VALUES (213, '2017-04-25 21:14:58.142839+00', false, 2, 'AvreliiGurev1994@yandex.ru', 'Y6599NVUCx', NULL);
INSERT INTO service_account (id, insert_date, is_hidden, service_id, login, password, description) VALUES (214, '2017-04-25 21:14:58.142839+00', false, 2, 'MiliiRyabov1992@yandex.ru', 'Qi1gxdrFiU4', NULL);
INSERT INTO service_account (id, insert_date, is_hidden, service_id, login, password, description) VALUES (215, '2017-04-25 21:14:58.142839+00', false, 2, 'AmvrosiiPahomov@yandex.ru', '8W8tLcdF3e', NULL);
INSERT INTO service_account (id, insert_date, is_hidden, service_id, login, password, description) VALUES (216, '2017-04-25 21:14:58.158464+00', false, 2, 'KalashnikovIzot1994@yandex.ru', '86q3Mo3JBnd', NULL);
INSERT INTO service_account (id, insert_date, is_hidden, service_id, login, password, description) VALUES (217, '2017-04-25 21:14:58.158464+00', false, 2, 'DekabriiGavrilov@yandex.ru', 'bg8jT3FLeih', NULL);
INSERT INTO service_account (id, insert_date, is_hidden, service_id, login, password, description) VALUES (218, '2017-04-25 21:14:58.158464+00', false, 2, 'epistima.gulyaeva@yandex.ru', 'pfj0QjHt', NULL);
INSERT INTO service_account (id, insert_date, is_hidden, service_id, login, password, description) VALUES (219, '2017-04-25 21:14:58.158464+00', false, 2, 'SharovIldar@yandex.ru', '5PBGOtQEROj', NULL);
INSERT INTO service_account (id, insert_date, is_hidden, service_id, login, password, description) VALUES (220, '2017-04-25 21:14:58.158464+00', false, 2, 'MartynovaAmata1997@yandex.ru', 'SIyfzUjVw7', NULL);
INSERT INTO service_account (id, insert_date, is_hidden, service_id, login, password, description) VALUES (221, '2017-04-25 21:14:58.158464+00', false, 2, 'IliiHohlov92@yandex.ru', 'ZrhbfzN0p', NULL);
INSERT INTO service_account (id, insert_date, is_hidden, service_id, login, password, description) VALUES (222, '2017-04-25 21:14:58.158464+00', false, 2, 'VeneraMyasnikova92@yandex.ru', 'IoubfiAd7h', NULL);
INSERT INTO service_account (id, insert_date, is_hidden, service_id, login, password, description) VALUES (223, '2017-04-25 21:14:58.158464+00', false, 2, 'DavydovRomil83@yandex.ru', 'eI5FpK6nNk', NULL);
INSERT INTO service_account (id, insert_date, is_hidden, service_id, login, password, description) VALUES (224, '2017-04-25 21:14:58.158464+00', false, 2, 'ModestaMuhina@yandex.ru', '2ye5Lysn', NULL);
INSERT INTO service_account (id, insert_date, is_hidden, service_id, login, password, description) VALUES (225, '2017-04-25 21:14:58.158464+00', false, 2, 'NikitinErmak1992@yandex.ru', 'AKpRwB3i', NULL);
INSERT INTO service_account (id, insert_date, is_hidden, service_id, login, password, description) VALUES (226, '2017-04-25 21:14:58.174091+00', false, 2, 'MaronMorozov96@yandex.ru', 'GeUqt8BZpQw', NULL);
INSERT INTO service_account (id, insert_date, is_hidden, service_id, login, password, description) VALUES (227, '2017-04-25 21:14:58.174091+00', false, 2, 'AfanasiyaTurova1981@yandex.ru', '5xlaT6wERrl', NULL);
INSERT INTO service_account (id, insert_date, is_hidden, service_id, login, password, description) VALUES (228, '2017-04-25 21:14:58.174091+00', false, 2, 'HaritaGavrilova1989@yandex.ru', 'VGhzJ2eyUG', NULL);
INSERT INTO service_account (id, insert_date, is_hidden, service_id, login, password, description) VALUES (229, '2017-04-25 21:14:58.174091+00', false, 2, 'kazakova.egina@yandex.ru', 'auddK7GYBdk', NULL);
INSERT INTO service_account (id, insert_date, is_hidden, service_id, login, password, description) VALUES (230, '2017-04-25 21:14:58.174091+00', false, 2, 'zhdanov.vikenty@yandex.ru', 'oIn8leUD', NULL);
INSERT INTO service_account (id, insert_date, is_hidden, service_id, login, password, description) VALUES (231, '2017-04-25 21:14:58.174091+00', false, 2, 'TitovAvram1983@yandex.ru', 'kpGBXA8B1QY', NULL);
INSERT INTO service_account (id, insert_date, is_hidden, service_id, login, password, description) VALUES (232, '2017-04-25 21:14:58.174091+00', false, 2, 'DmitrievEnver89@yandex.ru', '93er9Y1l3T', NULL);
INSERT INTO service_account (id, insert_date, is_hidden, service_id, login, password, description) VALUES (233, '2017-04-25 21:14:58.174091+00', false, 2, 'EvgeniyaPahomova95@yandex.ru', 'YuZJ970DH1D', NULL);
INSERT INTO service_account (id, insert_date, is_hidden, service_id, login, password, description) VALUES (234, '2017-04-25 21:14:58.174091+00', false, 2, 'VoroncovHrisanf1996@yandex.ru', 'dc8Zgmek', NULL);
INSERT INTO service_account (id, insert_date, is_hidden, service_id, login, password, description) VALUES (235, '2017-04-25 21:14:58.174091+00', false, 2, 'MagdalinaKonovalova1989@yandex.ru', 'jMt61tFpm', NULL);
INSERT INTO service_account (id, insert_date, is_hidden, service_id, login, password, description) VALUES (236, '2017-04-25 21:14:58.174091+00', false, 2, 'IlinaYaromira1983@yandex.ru', 'xkyO2mhP', NULL);
INSERT INTO service_account (id, insert_date, is_hidden, service_id, login, password, description) VALUES (237, '2017-04-25 21:14:58.189718+00', false, 2, 'loengrin.biryuckov@yandex.ru', 'TZRaOQHf5w', NULL);
INSERT INTO service_account (id, insert_date, is_hidden, service_id, login, password, description) VALUES (238, '2017-04-25 21:14:58.189718+00', false, 2, 'PalladiyaChernova1981@yandex.ru', 'AzFfKil0Gs', NULL);
INSERT INTO service_account (id, insert_date, is_hidden, service_id, login, password, description) VALUES (239, '2017-04-25 21:14:58.189718+00', false, 2, 'ArtemevaGlafira81@yandex.ru', 'O9WWyKH1V', NULL);
INSERT INTO service_account (id, insert_date, is_hidden, service_id, login, password, description) VALUES (240, '2017-04-25 21:14:58.189718+00', false, 2, 'GyulnaraKryukova@yandex.ru', 'e3bQlVBjbQG', NULL);
INSERT INTO service_account (id, insert_date, is_hidden, service_id, login, password, description) VALUES (241, '2017-04-25 21:14:58.189718+00', false, 2, 'SolovevaInterna@yandex.ru', 'zI6FyeYVCC', NULL);
INSERT INTO service_account (id, insert_date, is_hidden, service_id, login, password, description) VALUES (242, '2017-04-25 21:14:58.189718+00', false, 2, 'aleksandrow.vladlen@yandex.ru', 'nPpzFj3VuPf', NULL);
INSERT INTO service_account (id, insert_date, is_hidden, service_id, login, password, description) VALUES (243, '2017-04-25 21:14:58.189718+00', false, 2, 'biata.fokina@yandex.ru', 'fBBPF1EEDB', NULL);
INSERT INTO service_account (id, insert_date, is_hidden, service_id, login, password, description) VALUES (244, '2017-04-25 21:14:58.189718+00', false, 2, 'daniela.lukina@yandex.ru', 'YRKJYOEwD3d', NULL);
INSERT INTO service_account (id, insert_date, is_hidden, service_id, login, password, description) VALUES (245, '2017-04-25 21:14:58.189718+00', false, 2, 'railya.cosheleva@yandex.ru', '2RJMrNCfi', NULL);
INSERT INTO service_account (id, insert_date, is_hidden, service_id, login, password, description) VALUES (246, '2017-04-25 21:14:58.189718+00', false, 2, 'SeliverstovaIraida90@yandex.ru', 'bANZEP9P2YP', NULL);
INSERT INTO service_account (id, insert_date, is_hidden, service_id, login, password, description) VALUES (247, '2017-04-25 21:14:58.20535+00', false, 2, 'NonnaZaiceva81@yandex.ru', '5AGgo80Q', NULL);
INSERT INTO service_account (id, insert_date, is_hidden, service_id, login, password, description) VALUES (248, '2017-04-25 21:14:58.20535+00', false, 2, 'MarkiyaGordeeva1986@yandex.ru', 'XPtCZaFzIi8', NULL);
INSERT INTO service_account (id, insert_date, is_hidden, service_id, login, password, description) VALUES (249, '2017-04-25 21:14:58.20535+00', false, 2, 'OvchinnikovArii@yandex.ru', 'FQ7iVKlBT', NULL);
INSERT INTO service_account (id, insert_date, is_hidden, service_id, login, password, description) VALUES (250, '2017-04-25 21:14:58.20535+00', false, 2, 'semyonova.salma@yandex.ru', 'mt8RRBDyoCF', NULL);
INSERT INTO service_account (id, insert_date, is_hidden, service_id, login, password, description) VALUES (251, '2017-04-25 21:14:58.20535+00', false, 2, 'JoresLarionov1987@yandex.ru', 'kRRLe1Yo', NULL);
INSERT INTO service_account (id, insert_date, is_hidden, service_id, login, password, description) VALUES (252, '2017-04-25 21:14:58.20535+00', false, 2, 'kurtlawr.gorbunov@yandex.ru', 'TWoaN0Jw', NULL);
INSERT INTO service_account (id, insert_date, is_hidden, service_id, login, password, description) VALUES (253, '2017-04-25 21:14:58.20535+00', false, 2, 'AhmedGromov89@yandex.ru', 'I5FXHNXl1R', NULL);
INSERT INTO service_account (id, insert_date, is_hidden, service_id, login, password, description) VALUES (254, '2017-04-25 21:14:58.20535+00', false, 2, 'dobr.costin@yandex.ru', 'veMjcFUtj3', NULL);
INSERT INTO service_account (id, insert_date, is_hidden, service_id, login, password, description) VALUES (255, '2017-04-25 21:14:58.20535+00', false, 2, 'MartaKolesnikova85@yandex.ru', 'nLcQ36usS', NULL);
INSERT INTO service_account (id, insert_date, is_hidden, service_id, login, password, description) VALUES (256, '2017-04-25 21:14:58.20535+00', false, 2, 'KryukovAfanasii97@yandex.ru', 'HS66rJPp5', NULL);
INSERT INTO service_account (id, insert_date, is_hidden, service_id, login, password, description) VALUES (257, '2017-04-25 21:14:58.20535+00', false, 2, 'DementevZinovii1990@yandex.ru', 'uQEDgx68', NULL);
INSERT INTO service_account (id, insert_date, is_hidden, service_id, login, password, description) VALUES (258, '2017-04-25 21:14:58.22097+00', false, 2, 'FedorovIlarion1997@yandex.ru', 'mE26s3sNJ', NULL);
INSERT INTO service_account (id, insert_date, is_hidden, service_id, login, password, description) VALUES (259, '2017-04-25 21:14:58.223044+00', false, 2, 'AveryanFedotov88@yandex.ru', '6W5jgVvcB', NULL);
INSERT INTO service_account (id, insert_date, is_hidden, service_id, login, password, description) VALUES (260, '2017-04-25 21:14:58.224021+00', false, 2, 'EvdoksiyaStrelkova94@yandex.ru', 'x1vofuuwed', NULL);
INSERT INTO service_account (id, insert_date, is_hidden, service_id, login, password, description) VALUES (261, '2017-04-25 21:14:58.224998+00', false, 2, 'KarmGuschin97@yandex.ru', 'Bdxm6A6EJ7', NULL);
INSERT INTO service_account (id, insert_date, is_hidden, service_id, login, password, description) VALUES (262, '2017-04-25 21:14:58.225975+00', false, 2, 'BykovaViorika1994@yandex.ru', 'qR2mgvx474S', NULL);
INSERT INTO service_account (id, insert_date, is_hidden, service_id, login, password, description) VALUES (263, '2017-04-25 21:14:58.226958+00', false, 2, 'TeterinaMedeya1995@yandex.ru', 'GjYyD1jGNRV', NULL);
INSERT INTO service_account (id, insert_date, is_hidden, service_id, login, password, description) VALUES (264, '2017-04-25 21:14:58.228905+00', false, 2, 'PolyakovFadei85@yandex.ru', '9bGdB0xr2', NULL);
INSERT INTO service_account (id, insert_date, is_hidden, service_id, login, password, description) VALUES (265, '2017-04-25 21:14:58.230861+00', false, 2, 'ElizbarMedvedev86@yandex.ru', 'TO6yhdv9uQ2', NULL);
INSERT INTO service_account (id, insert_date, is_hidden, service_id, login, password, description) VALUES (266, '2017-04-25 21:14:58.231834+00', false, 2, 'GertPopov94@yandex.ru', 'WCXUgG4roZg', NULL);
INSERT INTO service_account (id, insert_date, is_hidden, service_id, login, password, description) VALUES (267, '2017-04-25 21:14:58.233794+00', false, 2, 'NaumovVindei1982@yandex.ru', 'GkRdVGa9SN1', NULL);
INSERT INTO service_account (id, insert_date, is_hidden, service_id, login, password, description) VALUES (268, '2017-04-25 21:14:58.234767+00', false, 2, 'MiloslavaBogdanova1983@yandex.ru', 'WNg9NCPJY', NULL);
INSERT INTO service_account (id, insert_date, is_hidden, service_id, login, password, description) VALUES (269, '2017-04-25 21:14:58.236724+00', false, 2, 'KostinaOlimpiada@yandex.ru', 'dmVv0LgBcS', NULL);
INSERT INTO service_account (id, insert_date, is_hidden, service_id, login, password, description) VALUES (270, '2017-04-25 21:14:58.237695+00', false, 2, 'kirillov.kalina@yandex.ru', 'kyQaT7oqb', NULL);
INSERT INTO service_account (id, insert_date, is_hidden, service_id, login, password, description) VALUES (271, '2017-04-25 21:14:58.239649+00', false, 2, 'kima.vasiljeva@yandex.ru', 'o49E7I7EYi', NULL);
INSERT INTO service_account (id, insert_date, is_hidden, service_id, login, password, description) VALUES (272, '2017-04-25 21:14:58.240625+00', false, 2, 'GolubevaArkadiya86@yandex.ru', 'o0kDr3OAi', NULL);
INSERT INTO service_account (id, insert_date, is_hidden, service_id, login, password, description) VALUES (273, '2017-04-25 21:14:58.24161+00', false, 2, 'AvvakumSemenov84@yandex.ru', 'sWSCu2Gxi', NULL);
INSERT INTO service_account (id, insert_date, is_hidden, service_id, login, password, description) VALUES (274, '2017-04-25 21:14:58.243555+00', false, 2, 'ShestakovaAlfa96@yandex.ru', 'guPknM3xyr', NULL);
INSERT INTO service_account (id, insert_date, is_hidden, service_id, login, password, description) VALUES (275, '2017-04-25 21:14:58.24453+00', false, 2, 'DemidLebedev1996@yandex.ru', '902bDXqCu', NULL);
INSERT INTO service_account (id, insert_date, is_hidden, service_id, login, password, description) VALUES (276, '2017-04-25 21:14:58.247465+00', false, 2, 'PestovSadof98@yandex.ru', 'j5bhgLGG', NULL);
INSERT INTO service_account (id, insert_date, is_hidden, service_id, login, password, description) VALUES (277, '2017-04-25 21:14:58.249415+00', false, 2, 'MartynovOlimpiad89@yandex.ru', 'gkFxoE6hWvw', NULL);
INSERT INTO service_account (id, insert_date, is_hidden, service_id, login, password, description) VALUES (278, '2017-04-25 21:14:58.250392+00', false, 2, 'AnufriiAksenov89@yandex.ru', '1bEfQyVGK', NULL);
INSERT INTO service_account (id, insert_date, is_hidden, service_id, login, password, description) VALUES (279, '2017-04-25 21:14:58.252345+00', false, 2, 'KonovalovApollon1986@yandex.ru', 'Md9ifXXHs3U', NULL);
INSERT INTO service_account (id, insert_date, is_hidden, service_id, login, password, description) VALUES (280, '2017-04-25 21:14:58.253321+00', false, 2, 'SimonovaLeonida88@yandex.ru', 'MQXr1GGpjm', NULL);
INSERT INTO service_account (id, insert_date, is_hidden, service_id, login, password, description) VALUES (281, '2017-04-25 21:14:58.255274+00', false, 2, 'RaisaNoskova92@yandex.ru', 'WldbmWYx8kJ', NULL);
INSERT INTO service_account (id, insert_date, is_hidden, service_id, login, password, description) VALUES (282, '2017-04-25 21:14:58.256252+00', false, 2, 'FedotovaRuslana83@yandex.ru', 'Qdiqic1FMf', NULL);
INSERT INTO service_account (id, insert_date, is_hidden, service_id, login, password, description) VALUES (283, '2017-04-25 21:14:58.258205+00', false, 2, 'VasiliiAvdeev89@yandex.ru', 'Is7JjtbE', NULL);
INSERT INTO service_account (id, insert_date, is_hidden, service_id, login, password, description) VALUES (284, '2017-04-25 21:14:58.259184+00', false, 2, 'kornely.antonov@yandex.ru', 'T6rOBDVg', NULL);
INSERT INTO service_account (id, insert_date, is_hidden, service_id, login, password, description) VALUES (285, '2017-04-25 21:14:58.261135+00', false, 2, 'ElizbarFrolov1995@yandex.ru', 'gXF4kOkqnH', NULL);
INSERT INTO service_account (id, insert_date, is_hidden, service_id, login, password, description) VALUES (286, '2017-04-25 21:14:58.262111+00', false, 2, 'LazarevPolikarp1989@yandex.ru', 'Tjwzed4ZWMP', NULL);
INSERT INTO service_account (id, insert_date, is_hidden, service_id, login, password, description) VALUES (287, '2017-04-25 21:14:58.264066+00', false, 2, 'MarlenaZueva1991@yandex.ru', '8qkEcZDVyYA', NULL);
INSERT INTO service_account (id, insert_date, is_hidden, service_id, login, password, description) VALUES (288, '2017-04-25 21:14:58.266017+00', false, 2, 'mishina.estella@yandex.ru', 'VPwyoJq1aNQ', NULL);
INSERT INTO service_account (id, insert_date, is_hidden, service_id, login, password, description) VALUES (289, '2017-04-25 21:14:58.267971+00', false, 2, 'FadeevaIsidora@yandex.ru', '0hHkRkMC', NULL);
INSERT INTO service_account (id, insert_date, is_hidden, service_id, login, password, description) VALUES (290, '2017-04-25 21:14:58.268955+00', false, 2, 'UstinovaRufiniana88@yandex.ru', 'KjaAJE5H', NULL);
INSERT INTO service_account (id, insert_date, is_hidden, service_id, login, password, description) VALUES (291, '2017-04-25 21:14:58.269933+00', false, 2, 'vass.baranov@yandex.ru', 'KR0fHhpWy', NULL);
INSERT INTO service_account (id, insert_date, is_hidden, service_id, login, password, description) VALUES (292, '2017-04-25 21:14:58.271878+00', false, 2, 'JuravlevAleksei1982@yandex.ru', 'TVO2esCb', NULL);
INSERT INTO service_account (id, insert_date, is_hidden, service_id, login, password, description) VALUES (293, '2017-04-25 21:14:58.272854+00', false, 2, 'MarkellinaYakusheva1988@yandex.ru', 'VoCges1Z', NULL);
INSERT INTO service_account (id, insert_date, is_hidden, service_id, login, password, description) VALUES (294, '2017-04-25 21:14:58.274807+00', false, 2, 'GabrielErmakov92@yandex.ru', 'T2mSxjgYLrb', NULL);
INSERT INTO service_account (id, insert_date, is_hidden, service_id, login, password, description) VALUES (295, '2017-04-25 21:14:58.275783+00', false, 2, 'KirinGrishin1986@yandex.ru', 'OA7Ngt6IDl', NULL);
INSERT INTO service_account (id, insert_date, is_hidden, service_id, login, password, description) VALUES (296, '2017-04-25 21:14:58.276761+00', false, 2, 'SabirKabanov85@yandex.ru', 'FYWrvjtX7bY', NULL);
INSERT INTO service_account (id, insert_date, is_hidden, service_id, login, password, description) VALUES (297, '2017-04-25 21:14:58.277818+00', false, 2, 'FedoseevaFrida82@yandex.ru', 'Ct1UfdAM4', NULL);
INSERT INTO service_account (id, insert_date, is_hidden, service_id, login, password, description) VALUES (298, '2017-04-25 21:14:58.277818+00', false, 2, 'KonkordiyaKomissarova97@yandex.ru', 'oPiu7XZjg', NULL);
INSERT INTO service_account (id, insert_date, is_hidden, service_id, login, password, description) VALUES (299, '2017-04-25 21:14:58.277818+00', false, 2, 'KulikovKornilii1981@yandex.ru', 'D95DLulI8', NULL);
INSERT INTO service_account (id, insert_date, is_hidden, service_id, login, password, description) VALUES (300, '2017-04-25 21:14:58.277818+00', false, 2, 'nada.subbotina@yandex.ru', 'i4CuwZznA', NULL);
INSERT INTO service_account (id, insert_date, is_hidden, service_id, login, password, description) VALUES (301, '2017-04-25 21:14:58.285794+00', false, 2, 'TimofeevMares1984@yandex.ru', 'f3trErdinKy', NULL);
INSERT INTO service_account (id, insert_date, is_hidden, service_id, login, password, description) VALUES (302, '2017-04-25 21:14:58.285794+00', false, 2, 'BykovArvid@yandex.ru', 'Zrx0e6f9', NULL);
INSERT INTO service_account (id, insert_date, is_hidden, service_id, login, password, description) VALUES (303, '2017-04-25 21:14:58.285794+00', false, 2, 'LazarSeleznev94@yandex.ru', 'SKdefyot7', NULL);
INSERT INTO service_account (id, insert_date, is_hidden, service_id, login, password, description) VALUES (304, '2017-04-25 21:14:58.285794+00', false, 2, 'KristofZinovev1990@yandex.ru', '4USMmYKS', NULL);
INSERT INTO service_account (id, insert_date, is_hidden, service_id, login, password, description) VALUES (305, '2017-04-25 21:14:58.285794+00', false, 2, 'PanfilovaZorina84@yandex.ru', 'cYBTElq9C', NULL);
INSERT INTO service_account (id, insert_date, is_hidden, service_id, login, password, description) VALUES (306, '2017-04-25 21:14:58.285794+00', false, 2, 'DavydovaVilora1983@yandex.ru', 'KrkvtmPk6', NULL);
INSERT INTO service_account (id, insert_date, is_hidden, service_id, login, password, description) VALUES (307, '2017-04-25 21:14:58.285794+00', false, 2, 'AbramovRomul1985@yandex.ru', 'e5Yh9RfWpu7', NULL);
INSERT INTO service_account (id, insert_date, is_hidden, service_id, login, password, description) VALUES (308, '2017-04-25 21:14:58.285794+00', false, 2, 'NosovaDagmara98@yandex.ru', '3YeqSJLEr', NULL);
INSERT INTO service_account (id, insert_date, is_hidden, service_id, login, password, description) VALUES (309, '2017-04-25 21:14:58.285794+00', false, 2, 'KorolevaHiliya1988@yandex.ru', '5OLnMqLN', NULL);
INSERT INTO service_account (id, insert_date, is_hidden, service_id, login, password, description) VALUES (310, '2017-04-25 21:14:58.285794+00', false, 2, 'AvdeiFedoseev1993@yandex.ru', 'Rcc61gNv', NULL);
INSERT INTO service_account (id, insert_date, is_hidden, service_id, login, password, description) VALUES (311, '2017-04-25 21:14:58.285794+00', false, 2, 'nora.denisowa@yandex.ru', 'jFlror7S', NULL);
INSERT INTO service_account (id, insert_date, is_hidden, service_id, login, password, description) VALUES (312, '2017-04-25 21:14:58.301422+00', false, 2, 'LukiyaIgnatova@yandex.ru', 'JTtNM63Y', NULL);
INSERT INTO service_account (id, insert_date, is_hidden, service_id, login, password, description) VALUES (313, '2017-04-25 21:14:58.301422+00', false, 2, 'NelliKulakova93@yandex.ru', 'GcThcx3e', NULL);
INSERT INTO service_account (id, insert_date, is_hidden, service_id, login, password, description) VALUES (314, '2017-04-25 21:14:58.301422+00', false, 2, 'KornilovAgapii1984@yandex.ru', 'IiZ3BLEA', NULL);
INSERT INTO service_account (id, insert_date, is_hidden, service_id, login, password, description) VALUES (315, '2017-04-25 21:14:58.301422+00', false, 2, 'VolkovaMagnoliya1991@yandex.ru', '3EmYgVxFMA', NULL);
INSERT INTO service_account (id, insert_date, is_hidden, service_id, login, password, description) VALUES (316, '2017-04-25 21:14:58.301422+00', false, 2, 'HaritonovaLidiya@yandex.ru', 'ASqxw4jzs', NULL);
INSERT INTO service_account (id, insert_date, is_hidden, service_id, login, password, description) VALUES (317, '2017-04-25 21:14:58.301422+00', false, 2, 'MihailovaRenata1983@yandex.ru', 'VAAvo7slEN', NULL);
INSERT INTO service_account (id, insert_date, is_hidden, service_id, login, password, description) VALUES (318, '2017-04-25 21:14:58.301422+00', false, 2, 'AnfisaAndreeva1991@yandex.ru', 'oA4idn95t', NULL);
INSERT INTO service_account (id, insert_date, is_hidden, service_id, login, password, description) VALUES (319, '2017-04-25 21:14:58.301422+00', false, 2, 'filat.tswetkov@yandex.ru', 'HBaUJ5nbG', NULL);
INSERT INTO service_account (id, insert_date, is_hidden, service_id, login, password, description) VALUES (320, '2017-04-25 21:14:58.301422+00', false, 2, 'iannuary.belousoff@yandex.ru', 'znQJvGlB05', NULL);
INSERT INTO service_account (id, insert_date, is_hidden, service_id, login, password, description) VALUES (321, '2017-04-25 21:14:58.301422+00', false, 2, 'NazarovIliodor1991@yandex.ru', 'nV35OHx5Gu', NULL);
INSERT INTO service_account (id, insert_date, is_hidden, service_id, login, password, description) VALUES (322, '2017-04-25 21:14:58.317047+00', false, 2, 'aristid.zuev@yandex.ru', '7jAJhmy6UKR', NULL);
INSERT INTO service_account (id, insert_date, is_hidden, service_id, login, password, description) VALUES (323, '2017-04-25 21:14:58.317047+00', false, 2, 'SchukinaSayana81@yandex.ru', 'VutlvkRA6TL', NULL);
INSERT INTO service_account (id, insert_date, is_hidden, service_id, login, password, description) VALUES (324, '2017-04-25 21:14:58.317047+00', false, 2, 'IolantaKovaleva83@yandex.ru', 'ObusdNm2dPL', NULL);
INSERT INTO service_account (id, insert_date, is_hidden, service_id, login, password, description) VALUES (325, '2017-04-25 21:14:58.317047+00', false, 2, 'PaisiiNikolaev1982@yandex.ru', 'pCKrUm1M', NULL);
INSERT INTO service_account (id, insert_date, is_hidden, service_id, login, password, description) VALUES (326, '2017-04-25 21:14:58.317047+00', false, 2, 'EliseevaDaniella1984@yandex.ru', 'quSOcwWh6XS', NULL);
INSERT INTO service_account (id, insert_date, is_hidden, service_id, login, password, description) VALUES (327, '2017-04-25 21:14:58.317047+00', false, 2, 'kalinina.hionia@yandex.ru', '9fWzhxqf', NULL);
INSERT INTO service_account (id, insert_date, is_hidden, service_id, login, password, description) VALUES (328, '2017-04-25 21:14:58.317047+00', false, 2, 'MironovAntrop1982@yandex.ru', 'ucxU6WTf', NULL);
INSERT INTO service_account (id, insert_date, is_hidden, service_id, login, password, description) VALUES (329, '2017-04-25 21:14:58.317047+00', false, 2, 'TrofimovaAngela81@yandex.ru', 'IRs00zFgBj', NULL);
INSERT INTO service_account (id, insert_date, is_hidden, service_id, login, password, description) VALUES (330, '2017-04-25 21:14:58.317047+00', false, 2, 'ProhorovaManefa93@yandex.ru', 'xDnF0NdSei', NULL);
INSERT INTO service_account (id, insert_date, is_hidden, service_id, login, password, description) VALUES (331, '2017-04-25 21:14:58.317047+00', false, 2, 'GordianGorshkov86@yandex.ru', 'aItp0gLr', NULL);
INSERT INTO service_account (id, insert_date, is_hidden, service_id, login, password, description) VALUES (332, '2017-04-25 21:14:58.317047+00', false, 2, 'FloriyaMelnikova92@yandex.ru', '8dHAIxD8', NULL);
INSERT INTO service_account (id, insert_date, is_hidden, service_id, login, password, description) VALUES (333, '2017-04-25 21:14:58.33268+00', false, 2, 'IsaevaEkaterina1991@yandex.ru', 'qfNIaE1hHz', NULL);
INSERT INTO service_account (id, insert_date, is_hidden, service_id, login, password, description) VALUES (334, '2017-04-25 21:14:58.33268+00', false, 2, 'IlariyaEvdokimova82@yandex.ru', 'ThO29mh7lE7', NULL);
INSERT INTO service_account (id, insert_date, is_hidden, service_id, login, password, description) VALUES (335, '2017-04-25 21:14:58.33268+00', false, 2, 'KuznecovArtamon87@yandex.ru', 'C2fFUoKfgVf', NULL);
INSERT INTO service_account (id, insert_date, is_hidden, service_id, login, password, description) VALUES (336, '2017-04-25 21:14:58.33268+00', false, 2, 'MuravevHariton@yandex.ru', '7TWnsxk1', NULL);
INSERT INTO service_account (id, insert_date, is_hidden, service_id, login, password, description) VALUES (337, '2017-04-25 21:14:58.33268+00', false, 2, 'malei.nowikov@yandex.ru', 'pCGL8FS9u', NULL);
INSERT INTO service_account (id, insert_date, is_hidden, service_id, login, password, description) VALUES (338, '2017-04-25 21:14:58.33268+00', false, 2, 'FlorensaAfanaseva89@yandex.ru', 'a1LogmGxggP', NULL);
INSERT INTO service_account (id, insert_date, is_hidden, service_id, login, password, description) VALUES (339, '2017-04-25 21:14:58.33268+00', false, 2, 'silan.rybakov@yandex.ru', 'p2bFAzbAdL', NULL);
INSERT INTO service_account (id, insert_date, is_hidden, service_id, login, password, description) VALUES (340, '2017-04-25 21:14:58.33268+00', false, 2, 'TerentevaEvlaliya1982@yandex.ru', 'cFTW8H5n2C', NULL);
INSERT INTO service_account (id, insert_date, is_hidden, service_id, login, password, description) VALUES (341, '2017-04-25 21:14:58.33268+00', false, 2, 'NikonovaKristina1989@yandex.ru', 'fmb7PmEFoz', NULL);
INSERT INTO service_account (id, insert_date, is_hidden, service_id, login, password, description) VALUES (342, '2017-04-25 21:14:58.33268+00', false, 2, 'PutislavOsipov87@yandex.ru', 'Q0q9OjAtSoF', NULL);
INSERT INTO service_account (id, insert_date, is_hidden, service_id, login, password, description) VALUES (343, '2017-04-25 21:14:58.348301+00', false, 2, 'NikiforovaSolomonida98@yandex.ru', '7jt76J5I', NULL);
INSERT INTO service_account (id, insert_date, is_hidden, service_id, login, password, description) VALUES (344, '2017-04-25 21:14:58.348301+00', false, 2, 'AnisyaOdincova87@yandex.ru', 'AenYrmhV3tQ', NULL);
INSERT INTO service_account (id, insert_date, is_hidden, service_id, login, password, description) VALUES (345, '2017-04-25 21:14:58.348301+00', false, 2, 'kirillova.step@yandex.ru', 'b1c3xYZEFP1', NULL);
INSERT INTO service_account (id, insert_date, is_hidden, service_id, login, password, description) VALUES (346, '2017-04-25 21:14:58.348301+00', false, 2, 'miheev.mitrofan@yandex.ru', 'Qa5Lxsgg0a', NULL);
INSERT INTO service_account (id, insert_date, is_hidden, service_id, login, password, description) VALUES (347, '2017-04-25 21:14:58.348301+00', false, 2, 'SamsonovBronislav94@yandex.ru', 'isnHRv9yGL', NULL);
INSERT INTO service_account (id, insert_date, is_hidden, service_id, login, password, description) VALUES (348, '2017-04-25 21:14:58.348301+00', false, 2, 'apollinarya.belousova@yandex.ru', 'Fpzcrjk7Ji', NULL);
INSERT INTO service_account (id, insert_date, is_hidden, service_id, login, password, description) VALUES (349, '2017-04-25 21:14:58.348301+00', false, 2, 'AleksandrovaFiona@yandex.ru', 'czkn6dJN', NULL);
INSERT INTO service_account (id, insert_date, is_hidden, service_id, login, password, description) VALUES (350, '2017-04-25 21:14:58.348301+00', false, 2, 'DanilaKarpov1984@yandex.ru', 'SYm6nIjQXn', NULL);
INSERT INTO service_account (id, insert_date, is_hidden, service_id, login, password, description) VALUES (351, '2017-04-25 21:14:58.348301+00', false, 2, 'SisoiKolesnikov85@yandex.ru', 'UzF0OLu8h', NULL);
INSERT INTO service_account (id, insert_date, is_hidden, service_id, login, password, description) VALUES (352, '2017-04-25 21:14:58.348301+00', false, 2, 'NaumovaFotina@yandex.ru', 'y9NHwoX7H', NULL);
INSERT INTO service_account (id, insert_date, is_hidden, service_id, login, password, description) VALUES (353, '2017-04-25 21:14:58.363928+00', false, 2, 'SeleznevaVlada82@yandex.ru', '8asmTZnc', NULL);
INSERT INTO service_account (id, insert_date, is_hidden, service_id, login, password, description) VALUES (354, '2017-04-25 21:14:58.363928+00', false, 2, 'komarov.iakinf@yandex.ru', 'iD5wgBDE', NULL);
INSERT INTO service_account (id, insert_date, is_hidden, service_id, login, password, description) VALUES (355, '2017-04-25 21:14:58.363928+00', false, 2, 'RashidMaksimov93@yandex.ru', 'QiUrv5z1Vp', NULL);
INSERT INTO service_account (id, insert_date, is_hidden, service_id, login, password, description) VALUES (356, '2017-04-25 21:14:58.363928+00', false, 2, 'OlimpiiLapin94@yandex.ru', 'DogbwkN3', NULL);
INSERT INTO service_account (id, insert_date, is_hidden, service_id, login, password, description) VALUES (357, '2017-04-25 21:14:58.363928+00', false, 2, 'CheslavYudin92@yandex.ru', 'XsCl3AXnrH', NULL);
INSERT INTO service_account (id, insert_date, is_hidden, service_id, login, password, description) VALUES (358, '2017-04-25 21:14:58.363928+00', false, 2, 'GulyaevaDjuletta1995@yandex.ru', 'aCRU4lwnPY', NULL);
INSERT INTO service_account (id, insert_date, is_hidden, service_id, login, password, description) VALUES (359, '2017-04-25 21:14:58.363928+00', false, 2, 'zhozef.samojlov@yandex.ru', 'tNKAv2J2Me', NULL);
INSERT INTO service_account (id, insert_date, is_hidden, service_id, login, password, description) VALUES (360, '2017-04-25 21:14:58.363928+00', false, 2, 'MamontovKriskent@yandex.ru', 'OvXbQR0cVPW', NULL);
INSERT INTO service_account (id, insert_date, is_hidden, service_id, login, password, description) VALUES (361, '2017-04-25 21:14:58.363928+00', false, 2, 'BelyaevaMilena1987@yandex.ru', 'w9my9eR6l0m', NULL);
INSERT INTO service_account (id, insert_date, is_hidden, service_id, login, password, description) VALUES (362, '2017-04-25 21:14:58.363928+00', false, 2, 'SavinaMamontova96@yandex.ru', 'p01ZFkfqY', NULL);
INSERT INTO service_account (id, insert_date, is_hidden, service_id, login, password, description) VALUES (363, '2017-04-25 21:14:58.37956+00', false, 2, 'IlianAfanasev1990@yandex.ru', 'LeqgX94SEY', NULL);
INSERT INTO service_account (id, insert_date, is_hidden, service_id, login, password, description) VALUES (364, '2017-04-25 21:14:58.37956+00', false, 2, 'MartynovaLeonora1989@yandex.ru', 'D9LDV3LgC', NULL);
INSERT INTO service_account (id, insert_date, is_hidden, service_id, login, password, description) VALUES (365, '2017-04-25 21:14:58.37956+00', false, 2, 'AvroraOrehova83@yandex.ru', 'XsieziqO6Eq', NULL);
INSERT INTO service_account (id, insert_date, is_hidden, service_id, login, password, description) VALUES (366, '2017-04-25 21:14:58.37956+00', false, 2, 'AndreiKorolev1997@yandex.ru', 'sSBK0dGweh', NULL);
INSERT INTO service_account (id, insert_date, is_hidden, service_id, login, password, description) VALUES (367, '2017-04-25 21:14:58.37956+00', false, 2, 'PravdinaKotova98@yandex.ru', '8XEBmcSJD1w', NULL);
INSERT INTO service_account (id, insert_date, is_hidden, service_id, login, password, description) VALUES (368, '2017-04-25 21:14:58.37956+00', false, 2, 'VitoldaLoginova90@yandex.ru', 'IAT3WS3pO', NULL);
INSERT INTO service_account (id, insert_date, is_hidden, service_id, login, password, description) VALUES (369, '2017-04-25 21:14:58.37956+00', false, 2, 'MuhinaDaryana96@yandex.ru', 'YriHqmqb52', NULL);
INSERT INTO service_account (id, insert_date, is_hidden, service_id, login, password, description) VALUES (370, '2017-04-25 21:14:58.37956+00', false, 2, 'LyusiyaKulagina91@yandex.ru', 'qqActB2j', NULL);
INSERT INTO service_account (id, insert_date, is_hidden, service_id, login, password, description) VALUES (371, '2017-04-25 21:14:58.37956+00', false, 2, 'gulyaev.fedot@yandex.ru', '3nJy2F1sll', NULL);
INSERT INTO service_account (id, insert_date, is_hidden, service_id, login, password, description) VALUES (372, '2017-04-25 21:14:58.37956+00', false, 2, 'TamaraKazakova91@yandex.ru', 'FwAm8B4Oz', NULL);
INSERT INTO service_account (id, insert_date, is_hidden, service_id, login, password, description) VALUES (373, '2017-04-25 21:14:58.395185+00', false, 2, 'marionella.konovalova@yandex.ru', 'dYWCIwK4', NULL);
INSERT INTO service_account (id, insert_date, is_hidden, service_id, login, password, description) VALUES (374, '2017-04-25 21:14:58.395185+00', false, 2, 'UraniiVladimirov90@yandex.ru', 'T13ACKpf', NULL);
INSERT INTO service_account (id, insert_date, is_hidden, service_id, login, password, description) VALUES (375, '2017-04-25 21:14:58.395185+00', false, 2, 'SamoilovaDariya83@yandex.ru', '9llPSXfO3d7', NULL);
INSERT INTO service_account (id, insert_date, is_hidden, service_id, login, password, description) VALUES (376, '2017-04-25 21:14:58.395185+00', false, 2, 'SofroniiFilippov87@yandex.ru', '9NNPJ6X1', NULL);
INSERT INTO service_account (id, insert_date, is_hidden, service_id, login, password, description) VALUES (377, '2017-04-25 21:14:58.395185+00', false, 2, 'LavrentevDonat84@yandex.ru', 'sXwK9f8Tc9r', NULL);
INSERT INTO service_account (id, insert_date, is_hidden, service_id, login, password, description) VALUES (378, '2017-04-25 21:14:58.395185+00', false, 2, 'TurovaIliya1990@yandex.ru', 'EjIp6RuD', NULL);
INSERT INTO service_account (id, insert_date, is_hidden, service_id, login, password, description) VALUES (379, '2017-04-25 21:14:58.395185+00', false, 2, 'VasilisaJuravleva1984@yandex.ru', 'Uebd8yNk', NULL);
INSERT INTO service_account (id, insert_date, is_hidden, service_id, login, password, description) VALUES (380, '2017-04-25 21:14:58.395185+00', false, 2, 'StrelkovFilipp@yandex.ru', '5pgymaTP', NULL);
INSERT INTO service_account (id, insert_date, is_hidden, service_id, login, password, description) VALUES (381, '2017-04-25 21:14:58.395185+00', false, 2, 'IrakliiMarkov94@yandex.ru', 'tfLR492h', NULL);
INSERT INTO service_account (id, insert_date, is_hidden, service_id, login, password, description) VALUES (382, '2017-04-25 21:14:58.410804+00', false, 2, 'AntipVoronov1998@yandex.ru', '2tMfvUP0', NULL);
INSERT INTO service_account (id, insert_date, is_hidden, service_id, login, password, description) VALUES (383, '2017-04-25 21:14:58.410804+00', false, 2, 'ZaharovPublii1997@yandex.ru', 'mMznMF3d', NULL);
INSERT INTO service_account (id, insert_date, is_hidden, service_id, login, password, description) VALUES (384, '2017-04-25 21:14:58.410804+00', false, 2, 'BelyaevAkim@yandex.ru', 'zrtM9MRGbj', NULL);
INSERT INTO service_account (id, insert_date, is_hidden, service_id, login, password, description) VALUES (385, '2017-04-25 21:14:58.410804+00', false, 2, 'DyachkovYanuar1993@yandex.ru', '5irC8LmE', NULL);
INSERT INTO service_account (id, insert_date, is_hidden, service_id, login, password, description) VALUES (386, '2017-04-25 21:14:58.410804+00', false, 2, 'YanuariyaIvanova1982@yandex.ru', 'aY0E8Mwe', NULL);
INSERT INTO service_account (id, insert_date, is_hidden, service_id, login, password, description) VALUES (387, '2017-04-25 21:14:58.410804+00', false, 2, 'SilvestrTarasov@yandex.ru', 'jclE6zvG', NULL);
INSERT INTO service_account (id, insert_date, is_hidden, service_id, login, password, description) VALUES (388, '2017-04-25 21:14:58.410804+00', false, 2, 'sara.pakhomova@yandex.ru', 't2aSas8H', NULL);
INSERT INTO service_account (id, insert_date, is_hidden, service_id, login, password, description) VALUES (389, '2017-04-25 21:14:58.410804+00', false, 2, 'IzmailKomissarov93@yandex.ru', 'JrXL45MfzGq', NULL);
INSERT INTO service_account (id, insert_date, is_hidden, service_id, login, password, description) VALUES (390, '2017-04-25 21:14:58.410804+00', false, 2, 'sharapov.aprely@yandex.ru', 'XH8IhJtokJ', NULL);
INSERT INTO service_account (id, insert_date, is_hidden, service_id, login, password, description) VALUES (391, '2017-04-25 21:14:58.410804+00', false, 2, 'hristina.kapustina@yandex.ru', '51vFZJxq', NULL);
INSERT INTO service_account (id, insert_date, is_hidden, service_id, login, password, description) VALUES (392, '2017-04-25 21:14:58.426431+00', false, 2, 'BlohinaVladimira97@yandex.ru', 'gbls9wdapG8', NULL);
INSERT INTO service_account (id, insert_date, is_hidden, service_id, login, password, description) VALUES (393, '2017-04-25 21:14:58.426431+00', false, 2, 'ShestakovKonrad1993@yandex.ru', 'zyckyg2Vl', NULL);
INSERT INTO service_account (id, insert_date, is_hidden, service_id, login, password, description) VALUES (394, '2017-04-25 21:14:58.426431+00', false, 2, 'KalisaChernova1995@yandex.ru', 'mF5FMz4e', NULL);
INSERT INTO service_account (id, insert_date, is_hidden, service_id, login, password, description) VALUES (395, '2017-04-25 21:14:58.426431+00', false, 2, 'BolshakovAleksandr1990@yandex.ru', 'V6odeVbqE', NULL);
INSERT INTO service_account (id, insert_date, is_hidden, service_id, login, password, description) VALUES (396, '2017-04-25 21:14:58.426431+00', false, 2, 'KryukovaOlimpiya@yandex.ru', '4yrMprRLe', NULL);
INSERT INTO service_account (id, insert_date, is_hidden, service_id, login, password, description) VALUES (397, '2017-04-25 21:14:58.426431+00', false, 2, 'LukinaPulheriya88@yandex.ru', 'KNAL4Mzj', NULL);
INSERT INTO service_account (id, insert_date, is_hidden, service_id, login, password, description) VALUES (398, '2017-04-25 21:14:58.426431+00', false, 2, 'fokina.ipatia@yandex.ru', 'eHcWkm3ul', NULL);
INSERT INTO service_account (id, insert_date, is_hidden, service_id, login, password, description) VALUES (399, '2017-04-25 21:14:58.426431+00', false, 2, 'pahomov.albert2018@yandex.ru', '9wxm3CKuF2', NULL);
INSERT INTO service_account (id, insert_date, is_hidden, service_id, login, password, description) VALUES (400, '2017-04-25 21:14:58.426431+00', false, 2, 'solovyova.pavla@yandex.ru', 'TXC0dvQEsfY', NULL);
INSERT INTO service_account (id, insert_date, is_hidden, service_id, login, password, description) VALUES (401, '2017-04-25 21:14:58.442057+00', false, 3, 'gausithirshu', 'iJJDkh9UWI', NULL);
INSERT INTO service_account (id, insert_date, is_hidden, service_id, login, password, description) VALUES (402, '2017-04-25 21:14:58.457684+00', false, 3, 'ibatelzu1984', 'e5m0eje0aC', NULL);
INSERT INTO service_account (id, insert_date, is_hidden, service_id, login, password, description) VALUES (403, '2017-04-25 21:14:58.457684+00', false, 3, 'belihinknusc', 'rJcTDGZtFu', NULL);
INSERT INTO service_account (id, insert_date, is_hidden, service_id, login, password, description) VALUES (404, '2017-04-25 21:14:58.457684+00', false, 3, 'zithrinidi', 'whWDlzcyOa', NULL);
INSERT INTO service_account (id, insert_date, is_hidden, service_id, login, password, description) VALUES (405, '2017-04-25 21:14:58.457684+00', false, 3, 'boabekimoun', 'GrAQK6NrdQ', NULL);
INSERT INTO service_account (id, insert_date, is_hidden, service_id, login, password, description) VALUES (406, '2017-04-25 21:14:58.457684+00', false, 3, 'mantnacina', 'Joc05ZWU16', NULL);
INSERT INTO service_account (id, insert_date, is_hidden, service_id, login, password, description) VALUES (407, '2017-04-25 21:14:58.457684+00', false, 3, 'kamicfeici', 'K5GJgG7Bee', NULL);
INSERT INTO service_account (id, insert_date, is_hidden, service_id, login, password, description) VALUES (408, '2017-04-25 21:14:58.457684+00', false, 3, 'ivenganes', '9ZrtA13eNh', NULL);
INSERT INTO service_account (id, insert_date, is_hidden, service_id, login, password, description) VALUES (409, '2017-04-25 21:14:58.457684+00', false, 3, 'staphagtiostooz', 'eG1Sjxx5sU', NULL);
INSERT INTO service_account (id, insert_date, is_hidden, service_id, login, password, description) VALUES (410, '2017-04-25 21:14:58.457684+00', false, 3, 'relyntursvac', 'vTTmVVGsoK', NULL);
INSERT INTO service_account (id, insert_date, is_hidden, service_id, login, password, description) VALUES (411, '2017-04-25 21:14:58.457684+00', false, 3, 'worvolksanca', 'tX2YMS1lFm', NULL);
INSERT INTO service_account (id, insert_date, is_hidden, service_id, login, password, description) VALUES (412, '2017-04-25 21:14:58.473311+00', false, 3, 'swabmicquosu', 'iNKlZGuMGy', NULL);
INSERT INTO service_account (id, insert_date, is_hidden, service_id, login, password, description) VALUES (413, '2017-04-25 21:14:58.475373+00', false, 3, 'highcommoucha', 'gkIwW2sMma', NULL);
INSERT INTO service_account (id, insert_date, is_hidden, service_id, login, password, description) VALUES (414, '2017-04-25 21:14:58.476971+00', false, 3, 'fighheacentri', '45bOPPLK4B', NULL);
INSERT INTO service_account (id, insert_date, is_hidden, service_id, login, password, description) VALUES (415, '2017-04-25 21:14:58.477948+00', false, 3, 'heartclevnica', 'ublRsHjJU1', NULL);
INSERT INTO service_account (id, insert_date, is_hidden, service_id, login, password, description) VALUES (416, '2017-04-25 21:14:58.478925+00', false, 3, 'ceiceerekul', '1GQeoieMui', NULL);
INSERT INTO service_account (id, insert_date, is_hidden, service_id, login, password, description) VALUES (417, '2017-04-25 21:14:58.480879+00', false, 3, 'vijnofebdo', 'wvNOtidA7X', NULL);
INSERT INTO service_account (id, insert_date, is_hidden, service_id, login, password, description) VALUES (418, '2017-04-25 21:14:58.482831+00', false, 3, 'inhenfeverb', '3eaecZ6Qia', NULL);
INSERT INTO service_account (id, insert_date, is_hidden, service_id, login, password, description) VALUES (419, '2017-04-25 21:14:58.483809+00', false, 3, 'brousoutmino', 'zYVuhlFj4t', NULL);
INSERT INTO service_account (id, insert_date, is_hidden, service_id, login, password, description) VALUES (420, '2017-04-25 21:14:58.484788+00', false, 3, 'imphocogre', 'FkP9mjoK93', NULL);
INSERT INTO service_account (id, insert_date, is_hidden, service_id, login, password, description) VALUES (421, '2017-04-25 21:14:58.486737+00', false, 3, 'battryvorma', '71fM1mR7Uh', NULL);
INSERT INTO service_account (id, insert_date, is_hidden, service_id, login, password, description) VALUES (422, '2017-04-25 21:14:58.487714+00', false, 3, 'distlalvalldis', 'Q1LVGv0L2S', NULL);
INSERT INTO service_account (id, insert_date, is_hidden, service_id, login, password, description) VALUES (423, '2017-04-25 21:14:58.489669+00', false, 3, 'tiobalabest', 'xVh3udlWRt', NULL);
INSERT INTO service_account (id, insert_date, is_hidden, service_id, login, password, description) VALUES (424, '2017-04-25 21:14:58.490651+00', false, 3, 'encatitu', 'STwREK1VTJ', NULL);
INSERT INTO service_account (id, insert_date, is_hidden, service_id, login, password, description) VALUES (425, '2017-04-25 21:14:58.492601+00', false, 3, 'mercarogar', 'Yh9h3cnDSr', NULL);
INSERT INTO service_account (id, insert_date, is_hidden, service_id, login, password, description) VALUES (426, '2017-04-25 21:14:58.493582+00', false, 3, 'inanexdean', 'HjnFpWdPLh', NULL);
INSERT INTO service_account (id, insert_date, is_hidden, service_id, login, password, description) VALUES (427, '2017-04-25 21:14:58.495529+00', false, 3, 'sleekefclanfeu', 'uwXW3C0hzV', NULL);
INSERT INTO service_account (id, insert_date, is_hidden, service_id, login, password, description) VALUES (428, '2017-04-25 21:14:58.498459+00', false, 3, 'glutaqdymil', 'F5JQh4hf3w', NULL);
INSERT INTO service_account (id, insert_date, is_hidden, service_id, login, password, description) VALUES (429, '2017-04-25 21:14:58.499435+00', false, 3, 'choisosale', 'YItmARcBS7', NULL);
INSERT INTO service_account (id, insert_date, is_hidden, service_id, login, password, description) VALUES (430, '2017-04-25 21:14:58.500412+00', false, 3, 'etaronla', 'gdPu1QszvN', NULL);
INSERT INTO service_account (id, insert_date, is_hidden, service_id, login, password, description) VALUES (431, '2017-04-25 21:14:58.501389+00', false, 3, 'khosmairolsau', 'YdSkjfmGK3', NULL);
INSERT INTO service_account (id, insert_date, is_hidden, service_id, login, password, description) VALUES (432, '2017-04-25 21:14:58.502364+00', false, 3, 'abipsdatun', 'Onf2KRew1Z', NULL);
INSERT INTO service_account (id, insert_date, is_hidden, service_id, login, password, description) VALUES (433, '2017-04-25 21:14:58.50334+00', false, 3, 'ocelabex', '137bF3BBBp', NULL);
INSERT INTO service_account (id, insert_date, is_hidden, service_id, login, password, description) VALUES (434, '2017-04-25 21:14:58.504317+00', false, 3, 'abgeexvilect', '2wWFKIbs7X', NULL);
INSERT INTO service_account (id, insert_date, is_hidden, service_id, login, password, description) VALUES (435, '2017-04-25 21:14:58.505293+00', false, 3, 'maldaticdie', '8pK37dYb4F', NULL);
INSERT INTO service_account (id, insert_date, is_hidden, service_id, login, password, description) VALUES (436, '2017-04-25 21:14:58.506271+00', false, 3, 'greasnonvihe', 'eMIAY5nddY', NULL);
INSERT INTO service_account (id, insert_date, is_hidden, service_id, login, password, description) VALUES (437, '2017-04-25 21:14:58.508225+00', false, 3, 'rarecrepa', 'r7Uu7IYx7x', NULL);
INSERT INTO service_account (id, insert_date, is_hidden, service_id, login, password, description) VALUES (438, '2017-04-25 21:14:58.509201+00', false, 3, 'quibertesin', 'Tcb7l8PIuO', NULL);
INSERT INTO service_account (id, insert_date, is_hidden, service_id, login, password, description) VALUES (439, '2017-04-25 21:14:58.510177+00', false, 3, 'lapneucewo', '7YaCujpPK0', NULL);
INSERT INTO service_account (id, insert_date, is_hidden, service_id, login, password, description) VALUES (440, '2017-04-25 21:14:58.511153+00', false, 3, 'winddustselfle', 'RG9CqUEp2u', NULL);
INSERT INTO service_account (id, insert_date, is_hidden, service_id, login, password, description) VALUES (441, '2017-04-25 21:14:58.512131+00', false, 3, 'quanthemptentgher', '7C2u5lfwTx', NULL);
INSERT INTO service_account (id, insert_date, is_hidden, service_id, login, password, description) VALUES (442, '2017-04-25 21:14:58.516036+00', false, 3, 'dingvalrudep', '8iudtOyhC0', NULL);
INSERT INTO service_account (id, insert_date, is_hidden, service_id, login, password, description) VALUES (443, '2017-04-25 21:14:58.517017+00', false, 3, 'necnawhire', 'RqjSYojTd6', NULL);
INSERT INTO service_account (id, insert_date, is_hidden, service_id, login, password, description) VALUES (444, '2017-04-25 21:14:58.51799+00', false, 3, 'vilrebolo', '2Q4o7R9Ln0', NULL);
INSERT INTO service_account (id, insert_date, is_hidden, service_id, login, password, description) VALUES (445, '2017-04-25 21:14:58.520919+00', false, 3, 'destnoumerly', 'kuH9T6TI1b', NULL);
INSERT INTO service_account (id, insert_date, is_hidden, service_id, login, password, description) VALUES (446, '2017-04-25 21:14:58.521896+00', false, 3, 'etepfici', 'w9HoOl5DJb', NULL);
INSERT INTO service_account (id, insert_date, is_hidden, service_id, login, password, description) VALUES (447, '2017-04-25 21:14:58.522872+00', false, 3, 'practerrero', 'vEHdBe5ofw', NULL);
INSERT INTO service_account (id, insert_date, is_hidden, service_id, login, password, description) VALUES (448, '2017-04-25 21:14:58.523849+00', false, 3, 'olanomvi', '8nhDg40rYH', NULL);
INSERT INTO service_account (id, insert_date, is_hidden, service_id, login, password, description) VALUES (449, '2017-04-25 21:14:58.525802+00', false, 3, 'disfdeberpo', 'oFewrTkEWW', NULL);
INSERT INTO service_account (id, insert_date, is_hidden, service_id, login, password, description) VALUES (450, '2017-04-25 21:14:58.526779+00', false, 3, 'tansurpsendcam', 'w630GRxeZf', NULL);
INSERT INTO service_account (id, insert_date, is_hidden, service_id, login, password, description) VALUES (451, '2017-04-25 21:14:58.527755+00', false, 3, 'matolltreatfunc', 'K2iqxIQF5r', NULL);
INSERT INTO service_account (id, insert_date, is_hidden, service_id, login, password, description) VALUES (452, '2017-04-25 21:14:58.531664+00', false, 3, 'dresuncuche', 'fG1tG5sWfr', NULL);
INSERT INTO service_account (id, insert_date, is_hidden, service_id, login, password, description) VALUES (453, '2017-04-25 21:14:58.532639+00', false, 3, 'grinnestcusob', '9P2dnUUwUv', NULL);
INSERT INTO service_account (id, insert_date, is_hidden, service_id, login, password, description) VALUES (454, '2017-04-25 21:14:58.533616+00', false, 3, 'lecnaribna', 'r3u8xKG57r', NULL);
INSERT INTO service_account (id, insert_date, is_hidden, service_id, login, password, description) VALUES (455, '2017-04-25 21:14:58.535569+00', false, 3, 'tiborguitwor', '5M9247U69d', NULL);
INSERT INTO service_account (id, insert_date, is_hidden, service_id, login, password, description) VALUES (456, '2017-04-25 21:14:58.536549+00', false, 3, 'geocintingprin', 'yx8v5AILPV', NULL);
INSERT INTO service_account (id, insert_date, is_hidden, service_id, login, password, description) VALUES (457, '2017-04-25 21:14:58.537522+00', false, 3, 'cacesneugres', 'IYtpS3modx', NULL);
INSERT INTO service_account (id, insert_date, is_hidden, service_id, login, password, description) VALUES (458, '2017-04-25 21:14:58.538498+00', false, 3, 'terticora', 'YRGKJtZTrD', NULL);
INSERT INTO service_account (id, insert_date, is_hidden, service_id, login, password, description) VALUES (459, '2017-04-25 21:14:58.557056+00', false, 3, 'kazuc', '01506589', NULL);
INSERT INTO service_account (id, insert_date, is_hidden, service_id, login, password, description) VALUES (460, '2017-04-25 21:14:58.560093+00', false, 3, 'killbis', '155433', NULL);
INSERT INTO service_account (id, insert_date, is_hidden, service_id, login, password, description) VALUES (461, '2017-04-25 21:14:58.568044+00', false, 3, 'kaisserhaff', 'maximus16', NULL);
INSERT INTO service_account (id, insert_date, is_hidden, service_id, login, password, description) VALUES (462, '2017-04-25 21:14:58.568044+00', false, 3, 'kishka1988', '809a632a', NULL);
INSERT INTO service_account (id, insert_date, is_hidden, service_id, login, password, description) VALUES (463, '2017-04-25 21:14:58.568044+00', false, 3, 'kiriknik', '36998877', NULL);
INSERT INTO service_account (id, insert_date, is_hidden, service_id, login, password, description) VALUES (464, '2017-04-25 21:14:58.568044+00', false, 3, 'kontrabazzz', '020386', NULL);
INSERT INTO service_account (id, insert_date, is_hidden, service_id, login, password, description) VALUES (465, '2017-04-25 21:14:58.568044+00', false, 3, 'kiv89', 'rxt5prat', NULL);
INSERT INTO service_account (id, insert_date, is_hidden, service_id, login, password, description) VALUES (466, '2017-04-25 21:14:58.568044+00', false, 3, 'kenenbek', 'fizika1', NULL);
INSERT INTO service_account (id, insert_date, is_hidden, service_id, login, password, description) VALUES (467, '2017-04-25 21:14:58.583671+00', false, 3, 'koly4ka001', 'G228NK135', NULL);
INSERT INTO service_account (id, insert_date, is_hidden, service_id, login, password, description) VALUES (468, '2017-04-25 21:14:58.583671+00', false, 3, 'kohgutep', 'bobbob', NULL);
INSERT INTO service_account (id, insert_date, is_hidden, service_id, login, password, description) VALUES (469, '2017-04-25 21:14:58.583671+00', false, 3, 'koparso', 'the', NULL);
INSERT INTO service_account (id, insert_date, is_hidden, service_id, login, password, description) VALUES (470, '2017-04-25 21:14:58.583671+00', false, 3, 'katy5452', 'fE45hGv', NULL);
INSERT INTO service_account (id, insert_date, is_hidden, service_id, login, password, description) VALUES (471, '2017-04-25 21:14:58.583671+00', false, 3, 'killbord', '369369q', NULL);
INSERT INTO service_account (id, insert_date, is_hidden, service_id, login, password, description) VALUES (472, '2017-04-25 21:14:58.583671+00', false, 3, 'kapamel1k', 'ghbdtn', NULL);
INSERT INTO service_account (id, insert_date, is_hidden, service_id, login, password, description) VALUES (473, '2017-04-25 21:14:58.599296+00', false, 3, 'karasov', 'cthtirf', NULL);
INSERT INTO service_account (id, insert_date, is_hidden, service_id, login, password, description) VALUES (474, '2017-04-25 21:14:58.599296+00', false, 3, 'kirl0g', 'PopKorn2020', NULL);
INSERT INTO service_account (id, insert_date, is_hidden, service_id, login, password, description) VALUES (475, '2017-04-25 21:14:58.599296+00', false, 3, 'kama0590', '0625082k', NULL);
INSERT INTO service_account (id, insert_date, is_hidden, service_id, login, password, description) VALUES (476, '2017-04-25 21:14:58.599296+00', false, 3, 'katya12304', 'katya_kor', NULL);
INSERT INTO service_account (id, insert_date, is_hidden, service_id, login, password, description) VALUES (477, '2017-04-25 21:14:58.599296+00', false, 3, 'kaban7610', '99999977', NULL);
INSERT INTO service_account (id, insert_date, is_hidden, service_id, login, password, description) VALUES (478, '2017-04-25 21:14:58.614924+00', false, 3, 'kisik3', '190686', NULL);
INSERT INTO service_account (id, insert_date, is_hidden, service_id, login, password, description) VALUES (479, '2017-04-25 21:14:58.614924+00', false, 3, 'kexi', 'kexikexi', NULL);
INSERT INTO service_account (id, insert_date, is_hidden, service_id, login, password, description) VALUES (480, '2017-04-25 21:14:58.614924+00', false, 3, 'kawaiidon', 'lossless', NULL);
INSERT INTO service_account (id, insert_date, is_hidden, service_id, login, password, description) VALUES (481, '2017-04-25 21:14:58.614924+00', false, 3, 'kargintima', 'ybuhfr', NULL);
INSERT INTO service_account (id, insert_date, is_hidden, service_id, login, password, description) VALUES (482, '2017-04-25 21:14:58.630549+00', false, 3, 'kartez2000', '123123', NULL);
INSERT INTO service_account (id, insert_date, is_hidden, service_id, login, password, description) VALUES (483, '2017-04-25 21:14:58.630549+00', false, 3, 'kid007', 'lvbnhbq1983', NULL);
INSERT INTO service_account (id, insert_date, is_hidden, service_id, login, password, description) VALUES (484, '2017-04-25 21:14:58.630549+00', false, 3, 'kivido', '101364', NULL);
INSERT INTO service_account (id, insert_date, is_hidden, service_id, login, password, description) VALUES (485, '2017-04-25 21:14:58.630549+00', false, 3, 'karkyshka', 'uchkuduk', NULL);
INSERT INTO service_account (id, insert_date, is_hidden, service_id, login, password, description) VALUES (486, '2017-04-25 21:14:58.646183+00', false, 3, 'kempriol', '1458000', NULL);
INSERT INTO service_account (id, insert_date, is_hidden, service_id, login, password, description) VALUES (487, '2017-04-25 21:14:58.646183+00', false, 3, 'kennympei', 'glinko', NULL);
INSERT INTO service_account (id, insert_date, is_hidden, service_id, login, password, description) VALUES (488, '2017-04-25 21:14:58.646183+00', false, 3, 'kalinin86', '7715945', NULL);
INSERT INTO service_account (id, insert_date, is_hidden, service_id, login, password, description) VALUES (489, '2017-04-25 21:14:58.646183+00', false, 3, 'kenny106', 'kfgjxrf', NULL);
INSERT INTO service_account (id, insert_date, is_hidden, service_id, login, password, description) VALUES (490, '2017-04-25 21:14:58.661803+00', false, 3, 'katterham', 'rinat123', NULL);
INSERT INTO service_account (id, insert_date, is_hidden, service_id, login, password, description) VALUES (491, '2017-04-25 21:14:58.661803+00', false, 3, 'katashe131', '2274313', NULL);
INSERT INTO service_account (id, insert_date, is_hidden, service_id, login, password, description) VALUES (492, '2017-04-25 21:14:58.661803+00', false, 3, 'igor9mm', 't9p12Gmm6w', NULL);
INSERT INTO service_account (id, insert_date, is_hidden, service_id, login, password, description) VALUES (493, '2017-04-25 21:14:58.661803+00', false, 3, 'borisserb', 'H4t967Hv', NULL);
INSERT INTO service_account (id, insert_date, is_hidden, service_id, login, password, description) VALUES (494, '2017-04-25 21:14:58.677428+00', false, 3, 'leonid5', 'GIhXCysAw9', NULL);
INSERT INTO service_account (id, insert_date, is_hidden, service_id, login, password, description) VALUES (495, '2017-04-25 21:14:58.677428+00', false, 3, 'viktorvor', 'bFLg0t2u8', NULL);
INSERT INTO service_account (id, insert_date, is_hidden, service_id, login, password, description) VALUES (496, '2017-04-25 21:14:58.677428+00', false, 3, 'petras', 's7z3iiLskI', NULL);
INSERT INTO service_account (id, insert_date, is_hidden, service_id, login, password, description) VALUES (497, '2017-04-25 21:14:58.677428+00', false, 3, 'mikhaildb', 'aiA453Rzo', NULL);
INSERT INTO service_account (id, insert_date, is_hidden, service_id, login, password, description) VALUES (498, '2017-04-25 21:14:58.693054+00', false, 3, 'aleksandrkurn', 'Vf0gg5j54q', NULL);
INSERT INTO service_account (id, insert_date, is_hidden, service_id, login, password, description) VALUES (499, '2017-04-25 21:14:58.693054+00', false, 3, 'mikhail1un', 'x1ofViD8um', NULL);
INSERT INTO service_account (id, insert_date, is_hidden, service_id, login, password, description) VALUES (500, '2017-04-25 21:14:58.693054+00', false, 3, 'anatoliytim', 'i1xMlZoe', NULL);
INSERT INTO service_account (id, insert_date, is_hidden, service_id, login, password, description) VALUES (501, '2017-04-25 21:14:58.693054+00', false, 3, 'nikolaylow', 'ssA4gr5j', NULL);
INSERT INTO service_account (id, insert_date, is_hidden, service_id, login, password, description) VALUES (502, '2017-04-25 21:14:58.708684+00', false, 3, 'petrana', 'v7J23jguf', NULL);
INSERT INTO service_account (id, insert_date, is_hidden, service_id, login, password, description) VALUES (503, '2017-04-25 21:14:58.708684+00', false, 3, 'mikhailempopo', 'I2a1ehhNy', NULL);
INSERT INTO service_account (id, insert_date, is_hidden, service_id, login, password, description) VALUES (504, '2017-04-25 21:14:58.708684+00', false, 3, 'nikitada', 'jY8Os1o2yv', NULL);
INSERT INTO service_account (id, insert_date, is_hidden, service_id, login, password, description) VALUES (505, '2017-04-25 21:14:58.724309+00', false, 3, 'igorturov', 'bk7wz5Y1', NULL);
INSERT INTO service_account (id, insert_date, is_hidden, service_id, login, password, description) VALUES (506, '2017-04-25 21:14:58.727969+00', false, 3, 'nikitos66', 'uijkHLbJe66', NULL);
INSERT INTO service_account (id, insert_date, is_hidden, service_id, login, password, description) VALUES (507, '2017-04-25 21:14:58.731875+00', false, 3, 'leonidust', 'LIBkB6f8Ba', NULL);
INSERT INTO service_account (id, insert_date, is_hidden, service_id, login, password, description) VALUES (508, '2017-04-25 21:14:58.735782+00', false, 3, 'mikhailfil', 'h3cV9524', NULL);
INSERT INTO service_account (id, insert_date, is_hidden, service_id, login, password, description) VALUES (509, '2017-04-25 21:14:58.738715+00', false, 3, 'stadevlasov', 'Vk8W8C0o', NULL);
INSERT INTO service_account (id, insert_date, is_hidden, service_id, login, password, description) VALUES (510, '2017-04-25 21:14:58.742621+00', false, 3, 'aleshazhu', 'u1eHn77q25', NULL);
INSERT INTO service_account (id, insert_date, is_hidden, service_id, login, password, description) VALUES (511, '2017-04-25 21:14:58.747502+00', false, 3, 'ilyasti', 'nNu9PcclTi', NULL);
INSERT INTO service_account (id, insert_date, is_hidden, service_id, login, password, description) VALUES (512, '2017-04-25 21:14:58.751408+00', false, 3, 'petrlukin', 'knIo77Nwz', NULL);
INSERT INTO service_account (id, insert_date, is_hidden, service_id, login, password, description) VALUES (513, '2017-04-25 21:14:58.755316+00', false, 3, 'petrevya', 'bTHBz79UiB', NULL);
INSERT INTO service_account (id, insert_date, is_hidden, service_id, login, password, description) VALUES (514, '2017-04-25 21:14:58.758244+00', false, 3, 'fedorwm', 'LtnacSb9ZO', NULL);
INSERT INTO service_account (id, insert_date, is_hidden, service_id, login, password, description) VALUES (515, '2017-04-25 21:14:58.762151+00', false, 3, 'petrzimin', 'N39679m5', NULL);
INSERT INTO service_account (id, insert_date, is_hidden, service_id, login, password, description) VALUES (516, '2017-04-25 21:14:58.767037+00', false, 3, 'vasilek88', '0tuMpjjn', NULL);
INSERT INTO service_account (id, insert_date, is_hidden, service_id, login, password, description) VALUES (517, '2017-04-25 21:14:58.770941+00', false, 3, 'britvas', 'n41vy38Iq', NULL);
INSERT INTO service_account (id, insert_date, is_hidden, service_id, login, password, description) VALUES (518, '2017-04-25 21:14:58.774847+00', false, 3, 'kopacb', 'I0wIQNQfJ2oT846vTP5C', NULL);
INSERT INTO service_account (id, insert_date, is_hidden, service_id, login, password, description) VALUES (519, '2017-04-25 21:14:58.778753+00', false, 3, 'kamelius98', 'eD0DVrrK', NULL);
INSERT INTO service_account (id, insert_date, is_hidden, service_id, login, password, description) VALUES (520, '2017-04-25 21:14:58.782661+00', false, 3, 'kartcent', '123qweas', NULL);
INSERT INTO service_account (id, insert_date, is_hidden, service_id, login, password, description) VALUES (521, '2017-04-25 21:14:58.786568+00', false, 3, 'katiish', 'rockrock', NULL);
INSERT INTO service_account (id, insert_date, is_hidden, service_id, login, password, description) VALUES (522, '2017-04-25 21:14:58.79048+00', false, 3, 'kamazzz21', 'dimaskamaz', NULL);
INSERT INTO service_account (id, insert_date, is_hidden, service_id, login, password, description) VALUES (523, '2017-04-25 21:14:58.794679+00', false, 3, 'kiabs', 'kia110786BS', NULL);
INSERT INTO service_account (id, insert_date, is_hidden, service_id, login, password, description) VALUES (524, '2017-04-25 21:14:58.794679+00', false, 3, 'kipriano', 'T4rd67', NULL);
INSERT INTO service_account (id, insert_date, is_hidden, service_id, login, password, description) VALUES (525, '2017-04-25 21:14:58.802686+00', false, 3, 'killerhead', '125502', NULL);
INSERT INTO service_account (id, insert_date, is_hidden, service_id, login, password, description) VALUES (526, '2017-04-25 21:14:58.802686+00', false, 3, 'kap0ne', 'hs6bywtdjktu', NULL);
INSERT INTO service_account (id, insert_date, is_hidden, service_id, login, password, description) VALUES (527, '2017-04-25 21:14:58.802686+00', false, 3, 'kimenhack', '621693', NULL);
INSERT INTO service_account (id, insert_date, is_hidden, service_id, login, password, description) VALUES (528, '2017-04-25 21:14:58.802686+00', false, 3, 'kappu4inka', '5133972', NULL);
INSERT INTO service_account (id, insert_date, is_hidden, service_id, login, password, description) VALUES (529, '2017-04-25 21:14:58.818312+00', false, 3, 'kblc9l', '23031987', NULL);
INSERT INTO service_account (id, insert_date, is_hidden, service_id, login, password, description) VALUES (530, '2017-04-25 21:14:58.818312+00', false, 3, 'kemkir', '531667', NULL);
INSERT INTO service_account (id, insert_date, is_hidden, service_id, login, password, description) VALUES (531, '2017-04-25 21:14:58.818312+00', false, 3, 'klaudalert', '424005', NULL);
INSERT INTO service_account (id, insert_date, is_hidden, service_id, login, password, description) VALUES (532, '2017-04-25 21:14:58.818312+00', false, 3, 'kond99', 'dell2004', NULL);
INSERT INTO service_account (id, insert_date, is_hidden, service_id, login, password, description) VALUES (533, '2017-04-25 21:14:58.833935+00', false, 3, 'killer9171', '215255', NULL);
INSERT INTO service_account (id, insert_date, is_hidden, service_id, login, password, description) VALUES (534, '2017-04-25 21:14:58.833935+00', false, 3, 'kat3959', 'kat28rina', NULL);
INSERT INTO service_account (id, insert_date, is_hidden, service_id, login, password, description) VALUES (535, '2017-04-25 21:14:58.833935+00', false, 3, 'kit9433', 'fuckthestupid', NULL);
INSERT INTO service_account (id, insert_date, is_hidden, service_id, login, password, description) VALUES (536, '2017-04-25 21:14:58.833935+00', false, 3, 'kilovad', 'cntyrf', NULL);
INSERT INTO service_account (id, insert_date, is_hidden, service_id, login, password, description) VALUES (537, '2017-04-25 21:14:58.849562+00', false, 3, 'kl9n', '464646', NULL);
INSERT INTO service_account (id, insert_date, is_hidden, service_id, login, password, description) VALUES (538, '2017-04-25 21:14:58.849562+00', false, 3, 'kaka4a', '110000', NULL);
INSERT INTO service_account (id, insert_date, is_hidden, service_id, login, password, description) VALUES (539, '2017-04-25 21:14:58.849562+00', false, 3, 'khazibula', '19902804', NULL);
INSERT INTO service_account (id, insert_date, is_hidden, service_id, login, password, description) VALUES (540, '2017-04-25 21:14:58.849562+00', false, 3, 'kiwi7295', 'hodegi80', NULL);
INSERT INTO service_account (id, insert_date, is_hidden, service_id, login, password, description) VALUES (541, '2017-04-25 21:14:58.865187+00', false, 3, 'klyuevand', '66601297', NULL);
INSERT INTO service_account (id, insert_date, is_hidden, service_id, login, password, description) VALUES (542, '2017-04-25 21:14:58.865187+00', false, 3, 'kiva4ka', 'ville666', NULL);
INSERT INTO service_account (id, insert_date, is_hidden, service_id, login, password, description) VALUES (543, '2017-04-25 21:14:58.865187+00', false, 3, 'kbozdik', 'jetset', NULL);
INSERT INTO service_account (id, insert_date, is_hidden, service_id, login, password, description) VALUES (544, '2017-04-25 21:14:58.865187+00', false, 3, 'kail68', '5411953tv', NULL);
INSERT INTO service_account (id, insert_date, is_hidden, service_id, login, password, description) VALUES (545, '2017-04-25 21:14:58.880815+00', false, 3, 'kalyany4', '4815162342', NULL);
INSERT INTO service_account (id, insert_date, is_hidden, service_id, login, password, description) VALUES (546, '2017-04-25 21:14:58.880815+00', false, 3, 'katonov', 'c0unter3d', NULL);
INSERT INTO service_account (id, insert_date, is_hidden, service_id, login, password, description) VALUES (547, '2017-04-25 21:14:58.880815+00', false, 3, 'killoch', 'Slimestkool', NULL);
INSERT INTO service_account (id, insert_date, is_hidden, service_id, login, password, description) VALUES (548, '2017-04-25 21:14:58.880815+00', false, 3, 'kirill014', 'adgjmpt', NULL);
INSERT INTO service_account (id, insert_date, is_hidden, service_id, login, password, description) VALUES (549, '2017-04-25 21:14:58.896443+00', false, 3, 'kirklim', 'gadgad', NULL);
INSERT INTO service_account (id, insert_date, is_hidden, service_id, login, password, description) VALUES (550, '2017-04-25 21:14:58.912066+00', false, 4, 'bnyxhh', 'V6X7fCxjLC', NULL);
INSERT INTO service_account (id, insert_date, is_hidden, service_id, login, password, description) VALUES (551, '2017-04-25 21:14:58.927692+00', false, 5, 'bnyxhh', 'V6X7fCxjLC', NULL);
INSERT INTO service_account (id, insert_date, is_hidden, service_id, login, password, description) VALUES (552, '2017-04-25 21:14:58.927692+00', false, 6, 'bnyxhh', 'V6X7fCxjLC', NULL);
INSERT INTO service_account (id, insert_date, is_hidden, service_id, login, password, description) VALUES (553, '2017-04-25 21:14:58.927692+00', false, 7, 'bnyxhh', 'V6X7fCxjLC', NULL);
INSERT INTO service_account (id, insert_date, is_hidden, service_id, login, password, description) VALUES (554, '2017-04-25 21:14:58.943318+00', false, 8, 'bnyxhh', 'V6X7fCxjLC', NULL);
INSERT INTO service_account (id, insert_date, is_hidden, service_id, login, password, description) VALUES (555, '2017-04-25 21:14:58.943318+00', false, 9, 'bnyxhh', 'V6X7fCxjLC', NULL);
INSERT INTO service_account (id, insert_date, is_hidden, service_id, login, password, description) VALUES (556, '2017-04-25 21:14:58.958945+00', false, 10, 'bnyxhh', 'V6X7fCxjLC', NULL);
INSERT INTO service_account (id, insert_date, is_hidden, service_id, login, password, description) VALUES (557, '2017-04-25 21:14:58.958945+00', false, 11, 'bnyxhh', 'V6X7fCxjLC', NULL);
INSERT INTO service_account (id, insert_date, is_hidden, service_id, login, password, description) VALUES (558, '2017-04-25 21:14:58.958945+00', false, 12, 'bnyxhh', 'V6X7fCxjLC', NULL);
INSERT INTO service_account (id, insert_date, is_hidden, service_id, login, password, description) VALUES (559, '2017-04-25 21:14:58.974571+00', false, 13, 'bnyxhh', 'V6X7fCxjLC', NULL);
INSERT INTO service_account (id, insert_date, is_hidden, service_id, login, password, description) VALUES (560, '2017-04-25 21:14:58.974571+00', false, 14, 'bnyxhh', 'V6X7fCxjLC', NULL);
INSERT INTO service_account (id, insert_date, is_hidden, service_id, login, password, description) VALUES (561, '2017-04-25 21:14:58.993616+00', false, 15, 'bnyxhh', 'V6X7fCxjLC', NULL);
INSERT INTO service_account (id, insert_date, is_hidden, service_id, login, password, description) VALUES (562, '2017-04-25 21:14:59.000451+00', false, 16, 'bnyxhh', 'V6X7fCxjLC', NULL);
INSERT INTO service_account (id, insert_date, is_hidden, service_id, login, password, description) VALUES (563, '2017-04-25 21:14:59.006311+00', false, 17, 'bnyxhh', 'V6X7fCxjLC', NULL);
INSERT INTO service_account (id, insert_date, is_hidden, service_id, login, password, description) VALUES (564, '2017-04-25 21:14:59.012171+00', false, 18, 'bnyxhh', 'V6X7fCxjLC', NULL);
INSERT INTO service_account (id, insert_date, is_hidden, service_id, login, password, description) VALUES (565, '2017-04-25 21:14:59.01804+00', false, 19, 'bnyxhh', 'V6X7fCxjLC', NULL);
INSERT INTO service_account (id, insert_date, is_hidden, service_id, login, password, description) VALUES (566, '2017-04-25 21:14:59.023892+00', false, 20, 'bnyxhh', 'V6X7fCxjLC', NULL);
INSERT INTO service_account (id, insert_date, is_hidden, service_id, login, password, description) VALUES (567, '2017-04-25 21:14:59.030726+00', false, 21, 'bnyxhh', 'V6X7fCxjLC', NULL);
INSERT INTO service_account (id, insert_date, is_hidden, service_id, login, password, description) VALUES (568, '2017-04-25 21:14:59.037566+00', false, 22, 'bnyxhh', 'V6X7fCxjLC', NULL);
INSERT INTO service_account (id, insert_date, is_hidden, service_id, login, password, description) VALUES (569, '2017-04-25 21:14:59.043424+00', false, 23, 'bnyxhh', 'V6X7fCxjLC', NULL);
INSERT INTO service_account (id, insert_date, is_hidden, service_id, login, password, description) VALUES (570, '2017-04-25 21:14:59.044489+00', false, 24, 'bnyxhh', 'V6X7fCxjLC', NULL);
INSERT INTO service_account (id, insert_date, is_hidden, service_id, login, password, description) VALUES (571, '2017-04-25 21:14:59.052463+00', false, 25, 'bnyxhh', 'V6X7fCxjLC', NULL);
INSERT INTO service_account (id, insert_date, is_hidden, service_id, login, password, description) VALUES (572, '2017-04-25 21:14:59.052463+00', false, 26, 'bnyxhh', 'V6X7fCxjLC', NULL);
INSERT INTO service_account (id, insert_date, is_hidden, service_id, login, password, description) VALUES (573, '2017-04-25 21:14:59.068084+00', false, 27, 'bnyxhh', 'V6X7fCxjLC', NULL);
INSERT INTO service_account (id, insert_date, is_hidden, service_id, login, password, description) VALUES (574, '2017-04-25 21:14:59.068084+00', false, 28, 'bnyxhh', 'V6X7fCxjLC', NULL);
INSERT INTO service_account (id, insert_date, is_hidden, service_id, login, password, description) VALUES (575, '2017-04-25 21:14:59.068084+00', false, 29, 'bnyxhh', 'V6X7fCxjLC', NULL);
INSERT INTO service_account (id, insert_date, is_hidden, service_id, login, password, description) VALUES (576, '2017-04-25 21:14:59.08371+00', false, 30, 'bnyxhh', 'V6X7fCxjLC', NULL);
INSERT INTO service_account (id, insert_date, is_hidden, service_id, login, password, description) VALUES (577, '2017-04-25 21:14:59.08371+00', false, 31, 'bnyxhh', 'V6X7fCxjLC', NULL);
INSERT INTO service_account (id, insert_date, is_hidden, service_id, login, password, description) VALUES (578, '2017-04-25 21:14:59.08371+00', false, 32, 'bnyxhh', 'V6X7fCxjLC', NULL);
INSERT INTO service_account (id, insert_date, is_hidden, service_id, login, password, description) VALUES (579, '2017-04-25 21:14:59.099337+00', false, 33, 'bnyxhh', 'V6X7fCxjLC', NULL);
INSERT INTO service_account (id, insert_date, is_hidden, service_id, login, password, description) VALUES (580, '2017-04-25 21:14:59.103517+00', false, 34, 'bnyxhh', 'V6X7fCxjLC', NULL);
INSERT INTO service_account (id, insert_date, is_hidden, service_id, login, password, description) VALUES (581, '2017-04-25 21:14:59.103517+00', false, 35, 'bnyxhh', 'V6X7fCxjLC', NULL);
INSERT INTO service_account (id, insert_date, is_hidden, service_id, login, password, description) VALUES (582, '2017-04-25 21:14:59.111545+00', false, 36, 'bnyxhh', 'V6X7fCxjLC', NULL);
INSERT INTO service_account (id, insert_date, is_hidden, service_id, login, password, description) VALUES (583, '2017-04-25 21:14:59.111545+00', false, 37, 'bnyxhh', 'V6X7fCxjLC', NULL);
INSERT INTO service_account (id, insert_date, is_hidden, service_id, login, password, description) VALUES (584, '2017-04-25 21:14:59.111545+00', false, 38, 'bnyxhh', 'V6X7fCxjLC', NULL);
INSERT INTO service_account (id, insert_date, is_hidden, service_id, login, password, description) VALUES (585, '2017-04-25 21:14:59.127171+00', false, 39, 'bnyxhh', 'V6X7fCxjLC', NULL);
INSERT INTO service_account (id, insert_date, is_hidden, service_id, login, password, description) VALUES (586, '2017-04-25 21:14:59.127171+00', false, 40, 'bnyxhh', 'V6X7fCxjLC', NULL);
INSERT INTO service_account (id, insert_date, is_hidden, service_id, login, password, description) VALUES (587, '2017-04-25 21:14:59.127171+00', false, 41, 'bnyxhh', 'V6X7fCxjLC', NULL);
INSERT INTO service_account (id, insert_date, is_hidden, service_id, login, password, description) VALUES (588, '2017-04-25 21:14:59.142797+00', false, 42, 'bnyxhh', 'V6X7fCxjLC', NULL);
INSERT INTO service_account (id, insert_date, is_hidden, service_id, login, password, description) VALUES (589, '2017-04-25 21:14:59.142797+00', false, 43, 'bnyxhh', 'V6X7fCxjLC', NULL);
INSERT INTO service_account (id, insert_date, is_hidden, service_id, login, password, description) VALUES (590, '2017-04-25 21:14:59.142797+00', false, 44, 'bnyxhh', 'V6X7fCxjLC', NULL);
INSERT INTO service_account (id, insert_date, is_hidden, service_id, login, password, description) VALUES (591, '2017-04-25 21:14:59.158423+00', false, 45, 'bnyxhh', 'V6X7fCxjLC', NULL);
INSERT INTO service_account (id, insert_date, is_hidden, service_id, login, password, description) VALUES (592, '2017-04-25 21:14:59.158423+00', false, 46, 'bnyxhh', 'V6X7fCxjLC', NULL);
INSERT INTO service_account (id, insert_date, is_hidden, service_id, login, password, description) VALUES (593, '2017-04-25 21:14:59.158423+00', false, 47, 'bnyxhh', 'V6X7fCxjLC', NULL);
INSERT INTO service_account (id, insert_date, is_hidden, service_id, login, password, description) VALUES (594, '2017-04-25 21:14:59.17405+00', false, 48, 'bnyxhh', 'V6X7fCxjLC', NULL);
INSERT INTO service_account (id, insert_date, is_hidden, service_id, login, password, description) VALUES (595, '2017-04-25 21:14:59.17405+00', false, 49, 'bnyxhh', 'V6X7fCxjLC', NULL);
INSERT INTO service_account (id, insert_date, is_hidden, service_id, login, password, description) VALUES (596, '2017-04-25 21:14:59.17405+00', false, 50, 'bnyxhh', 'V6X7fCxjLC', NULL);
INSERT INTO service_account (id, insert_date, is_hidden, service_id, login, password, description) VALUES (597, '2017-04-25 21:14:59.189677+00', false, 51, 'bnyxhh', 'V6X7fCxjLC', NULL);
INSERT INTO service_account (id, insert_date, is_hidden, service_id, login, password, description) VALUES (598, '2017-04-25 21:14:59.189677+00', false, 52, 'bnyxhh', 'V6X7fCxjLC', NULL);
INSERT INTO service_account (id, insert_date, is_hidden, service_id, login, password, description) VALUES (599, '2017-04-25 21:14:59.202982+00', false, 53, 'bnyxhh', 'V6X7fCxjLC', NULL);


--
-- Name: service_account_id_seq; Type: SEQUENCE SET; Schema: public; Owner: postgres
--

SELECT pg_catalog.setval('service_account_id_seq', 599, true);


--
-- Name: service_id_seq; Type: SEQUENCE SET; Schema: public; Owner: postgres
--

SELECT pg_catalog.setval('service_id_seq', 53, true);


--
-- Data for Name: tag; Type: TABLE DATA; Schema: public; Owner: postgres
--

INSERT INTO tag (id, insert_date, is_hidden, code, title, description) VALUES (1, '2017-04-25 21:14:58.560093+00', false, 'RELIABLE', NULL, NULL);
INSERT INTO tag (id, insert_date, is_hidden, code, title, description) VALUES (2, '2017-04-25 21:14:58.912066+00', false, 'PROXY', NULL, NULL);
INSERT INTO tag (id, insert_date, is_hidden, code, title, description) VALUES (3, '2017-05-20 12:41:32.595782+00', false, 'FAIL', NULL, NULL);


--
-- Name: tag_id_seq; Type: SEQUENCE SET; Schema: public; Owner: postgres
--

SELECT pg_catalog.setval('tag_id_seq', 3, true);


--
-- Data for Name: tag_service; Type: TABLE DATA; Schema: public; Owner: postgres
--

INSERT INTO tag_service (id, insert_date, is_hidden, tag_id, service_id) VALUES (1, '2017-04-25 21:14:58.912066+00', false, 2, 4);
INSERT INTO tag_service (id, insert_date, is_hidden, tag_id, service_id) VALUES (2, '2017-04-25 21:14:58.927692+00', false, 2, 5);
INSERT INTO tag_service (id, insert_date, is_hidden, tag_id, service_id) VALUES (3, '2017-04-25 21:14:58.927692+00', false, 2, 6);
INSERT INTO tag_service (id, insert_date, is_hidden, tag_id, service_id) VALUES (4, '2017-04-25 21:14:58.927692+00', false, 2, 7);
INSERT INTO tag_service (id, insert_date, is_hidden, tag_id, service_id) VALUES (5, '2017-04-25 21:14:58.943318+00', false, 2, 8);
INSERT INTO tag_service (id, insert_date, is_hidden, tag_id, service_id) VALUES (6, '2017-04-25 21:14:58.943318+00', false, 2, 9);
INSERT INTO tag_service (id, insert_date, is_hidden, tag_id, service_id) VALUES (7, '2017-04-25 21:14:58.958945+00', false, 2, 10);
INSERT INTO tag_service (id, insert_date, is_hidden, tag_id, service_id) VALUES (8, '2017-04-25 21:14:58.958945+00', false, 2, 11);
INSERT INTO tag_service (id, insert_date, is_hidden, tag_id, service_id) VALUES (9, '2017-04-25 21:14:58.958945+00', false, 2, 12);
INSERT INTO tag_service (id, insert_date, is_hidden, tag_id, service_id) VALUES (10, '2017-04-25 21:14:58.974571+00', false, 2, 13);
INSERT INTO tag_service (id, insert_date, is_hidden, tag_id, service_id) VALUES (11, '2017-04-25 21:14:58.974571+00', false, 2, 14);
INSERT INTO tag_service (id, insert_date, is_hidden, tag_id, service_id) VALUES (12, '2017-04-25 21:14:58.992638+00', false, 2, 15);
INSERT INTO tag_service (id, insert_date, is_hidden, tag_id, service_id) VALUES (13, '2017-04-25 21:14:58.999474+00', false, 2, 16);
INSERT INTO tag_service (id, insert_date, is_hidden, tag_id, service_id) VALUES (14, '2017-04-25 21:14:59.005336+00', false, 2, 17);
INSERT INTO tag_service (id, insert_date, is_hidden, tag_id, service_id) VALUES (15, '2017-04-25 21:14:59.011195+00', false, 2, 18);
INSERT INTO tag_service (id, insert_date, is_hidden, tag_id, service_id) VALUES (16, '2017-04-25 21:14:59.017055+00', false, 2, 19);
INSERT INTO tag_service (id, insert_date, is_hidden, tag_id, service_id) VALUES (17, '2017-04-25 21:14:59.022922+00', false, 2, 20);
INSERT INTO tag_service (id, insert_date, is_hidden, tag_id, service_id) VALUES (18, '2017-04-25 21:14:59.02975+00', false, 2, 21);
INSERT INTO tag_service (id, insert_date, is_hidden, tag_id, service_id) VALUES (19, '2017-04-25 21:14:59.036588+00', false, 2, 22);
INSERT INTO tag_service (id, insert_date, is_hidden, tag_id, service_id) VALUES (20, '2017-04-25 21:14:59.042447+00', false, 2, 23);
INSERT INTO tag_service (id, insert_date, is_hidden, tag_id, service_id) VALUES (21, '2017-04-25 21:14:59.044489+00', false, 2, 24);
INSERT INTO tag_service (id, insert_date, is_hidden, tag_id, service_id) VALUES (22, '2017-04-25 21:14:59.052463+00', false, 2, 25);
INSERT INTO tag_service (id, insert_date, is_hidden, tag_id, service_id) VALUES (23, '2017-04-25 21:14:59.052463+00', false, 2, 26);
INSERT INTO tag_service (id, insert_date, is_hidden, tag_id, service_id) VALUES (24, '2017-04-25 21:14:59.068084+00', false, 2, 27);
INSERT INTO tag_service (id, insert_date, is_hidden, tag_id, service_id) VALUES (25, '2017-04-25 21:14:59.068084+00', false, 2, 28);
INSERT INTO tag_service (id, insert_date, is_hidden, tag_id, service_id) VALUES (26, '2017-04-25 21:14:59.068084+00', false, 2, 29);
INSERT INTO tag_service (id, insert_date, is_hidden, tag_id, service_id) VALUES (27, '2017-04-25 21:14:59.08371+00', false, 2, 30);
INSERT INTO tag_service (id, insert_date, is_hidden, tag_id, service_id) VALUES (28, '2017-04-25 21:14:59.08371+00', false, 2, 31);
INSERT INTO tag_service (id, insert_date, is_hidden, tag_id, service_id) VALUES (29, '2017-04-25 21:14:59.08371+00', false, 2, 32);
INSERT INTO tag_service (id, insert_date, is_hidden, tag_id, service_id) VALUES (30, '2017-04-25 21:14:59.099337+00', false, 2, 33);
INSERT INTO tag_service (id, insert_date, is_hidden, tag_id, service_id) VALUES (31, '2017-04-25 21:14:59.103517+00', false, 2, 34);
INSERT INTO tag_service (id, insert_date, is_hidden, tag_id, service_id) VALUES (32, '2017-04-25 21:14:59.103517+00', false, 2, 35);
INSERT INTO tag_service (id, insert_date, is_hidden, tag_id, service_id) VALUES (33, '2017-04-25 21:14:59.111545+00', false, 2, 36);
INSERT INTO tag_service (id, insert_date, is_hidden, tag_id, service_id) VALUES (34, '2017-04-25 21:14:59.111545+00', false, 2, 37);
INSERT INTO tag_service (id, insert_date, is_hidden, tag_id, service_id) VALUES (35, '2017-04-25 21:14:59.111545+00', false, 2, 38);
INSERT INTO tag_service (id, insert_date, is_hidden, tag_id, service_id) VALUES (36, '2017-04-25 21:14:59.127171+00', false, 2, 39);
INSERT INTO tag_service (id, insert_date, is_hidden, tag_id, service_id) VALUES (37, '2017-04-25 21:14:59.127171+00', false, 2, 40);
INSERT INTO tag_service (id, insert_date, is_hidden, tag_id, service_id) VALUES (38, '2017-04-25 21:14:59.127171+00', false, 2, 41);
INSERT INTO tag_service (id, insert_date, is_hidden, tag_id, service_id) VALUES (39, '2017-04-25 21:14:59.142797+00', false, 2, 42);
INSERT INTO tag_service (id, insert_date, is_hidden, tag_id, service_id) VALUES (40, '2017-04-25 21:14:59.142797+00', false, 2, 43);
INSERT INTO tag_service (id, insert_date, is_hidden, tag_id, service_id) VALUES (41, '2017-04-25 21:14:59.142797+00', false, 2, 44);
INSERT INTO tag_service (id, insert_date, is_hidden, tag_id, service_id) VALUES (42, '2017-04-25 21:14:59.158423+00', false, 2, 45);
INSERT INTO tag_service (id, insert_date, is_hidden, tag_id, service_id) VALUES (43, '2017-04-25 21:14:59.158423+00', false, 2, 46);
INSERT INTO tag_service (id, insert_date, is_hidden, tag_id, service_id) VALUES (44, '2017-04-25 21:14:59.158423+00', false, 2, 47);
INSERT INTO tag_service (id, insert_date, is_hidden, tag_id, service_id) VALUES (45, '2017-04-25 21:14:59.17405+00', false, 2, 48);
INSERT INTO tag_service (id, insert_date, is_hidden, tag_id, service_id) VALUES (46, '2017-04-25 21:14:59.17405+00', false, 2, 49);
INSERT INTO tag_service (id, insert_date, is_hidden, tag_id, service_id) VALUES (47, '2017-04-25 21:14:59.17405+00', false, 2, 50);
INSERT INTO tag_service (id, insert_date, is_hidden, tag_id, service_id) VALUES (48, '2017-04-25 21:14:59.189677+00', false, 2, 51);
INSERT INTO tag_service (id, insert_date, is_hidden, tag_id, service_id) VALUES (49, '2017-04-25 21:14:59.189677+00', false, 2, 52);
INSERT INTO tag_service (id, insert_date, is_hidden, tag_id, service_id) VALUES (50, '2017-04-25 21:14:59.202005+00', false, 2, 53);


--
-- Data for Name: tag_service_account; Type: TABLE DATA; Schema: public; Owner: postgres
--

INSERT INTO tag_service_account (id, insert_date, is_hidden, tag_id, service_account_id) VALUES (1, '2017-04-25 21:14:58.560093+00', false, 1, 459);
INSERT INTO tag_service_account (id, insert_date, is_hidden, tag_id, service_account_id) VALUES (2, '2017-04-25 21:14:58.560093+00', false, 1, 460);
INSERT INTO tag_service_account (id, insert_date, is_hidden, tag_id, service_account_id) VALUES (3, '2017-04-25 21:14:58.568044+00', false, 1, 461);
INSERT INTO tag_service_account (id, insert_date, is_hidden, tag_id, service_account_id) VALUES (4, '2017-04-25 21:14:58.568044+00', false, 1, 462);
INSERT INTO tag_service_account (id, insert_date, is_hidden, tag_id, service_account_id) VALUES (5, '2017-04-25 21:14:58.568044+00', false, 1, 463);
INSERT INTO tag_service_account (id, insert_date, is_hidden, tag_id, service_account_id) VALUES (6, '2017-04-25 21:14:58.568044+00', false, 1, 464);
INSERT INTO tag_service_account (id, insert_date, is_hidden, tag_id, service_account_id) VALUES (7, '2017-04-25 21:14:58.568044+00', false, 1, 465);
INSERT INTO tag_service_account (id, insert_date, is_hidden, tag_id, service_account_id) VALUES (8, '2017-04-25 21:14:58.568044+00', false, 1, 466);
INSERT INTO tag_service_account (id, insert_date, is_hidden, tag_id, service_account_id) VALUES (9, '2017-04-25 21:14:58.583671+00', false, 1, 467);
INSERT INTO tag_service_account (id, insert_date, is_hidden, tag_id, service_account_id) VALUES (10, '2017-04-25 21:14:58.583671+00', false, 1, 468);
INSERT INTO tag_service_account (id, insert_date, is_hidden, tag_id, service_account_id) VALUES (11, '2017-04-25 21:14:58.583671+00', false, 1, 469);
INSERT INTO tag_service_account (id, insert_date, is_hidden, tag_id, service_account_id) VALUES (12, '2017-04-25 21:14:58.583671+00', false, 1, 470);
INSERT INTO tag_service_account (id, insert_date, is_hidden, tag_id, service_account_id) VALUES (13, '2017-04-25 21:14:58.583671+00', false, 1, 471);
INSERT INTO tag_service_account (id, insert_date, is_hidden, tag_id, service_account_id) VALUES (14, '2017-04-25 21:14:58.599296+00', false, 1, 472);
INSERT INTO tag_service_account (id, insert_date, is_hidden, tag_id, service_account_id) VALUES (15, '2017-04-25 21:14:58.599296+00', false, 1, 473);
INSERT INTO tag_service_account (id, insert_date, is_hidden, tag_id, service_account_id) VALUES (16, '2017-04-25 21:14:58.599296+00', false, 1, 474);
INSERT INTO tag_service_account (id, insert_date, is_hidden, tag_id, service_account_id) VALUES (17, '2017-04-25 21:14:58.599296+00', false, 1, 475);
INSERT INTO tag_service_account (id, insert_date, is_hidden, tag_id, service_account_id) VALUES (18, '2017-04-25 21:14:58.599296+00', false, 1, 476);
INSERT INTO tag_service_account (id, insert_date, is_hidden, tag_id, service_account_id) VALUES (19, '2017-04-25 21:14:58.614924+00', false, 1, 477);
INSERT INTO tag_service_account (id, insert_date, is_hidden, tag_id, service_account_id) VALUES (20, '2017-04-25 21:14:58.614924+00', false, 1, 478);
INSERT INTO tag_service_account (id, insert_date, is_hidden, tag_id, service_account_id) VALUES (21, '2017-04-25 21:14:58.614924+00', false, 1, 479);
INSERT INTO tag_service_account (id, insert_date, is_hidden, tag_id, service_account_id) VALUES (22, '2017-04-25 21:14:58.614924+00', false, 1, 480);
INSERT INTO tag_service_account (id, insert_date, is_hidden, tag_id, service_account_id) VALUES (23, '2017-04-25 21:14:58.630549+00', false, 1, 481);
INSERT INTO tag_service_account (id, insert_date, is_hidden, tag_id, service_account_id) VALUES (24, '2017-04-25 21:14:58.630549+00', false, 1, 482);
INSERT INTO tag_service_account (id, insert_date, is_hidden, tag_id, service_account_id) VALUES (25, '2017-04-25 21:14:58.630549+00', false, 1, 483);
INSERT INTO tag_service_account (id, insert_date, is_hidden, tag_id, service_account_id) VALUES (26, '2017-04-25 21:14:58.630549+00', false, 1, 484);
INSERT INTO tag_service_account (id, insert_date, is_hidden, tag_id, service_account_id) VALUES (27, '2017-04-25 21:14:58.646183+00', false, 1, 485);
INSERT INTO tag_service_account (id, insert_date, is_hidden, tag_id, service_account_id) VALUES (28, '2017-04-25 21:14:58.646183+00', false, 1, 486);
INSERT INTO tag_service_account (id, insert_date, is_hidden, tag_id, service_account_id) VALUES (29, '2017-04-25 21:14:58.646183+00', false, 1, 487);
INSERT INTO tag_service_account (id, insert_date, is_hidden, tag_id, service_account_id) VALUES (30, '2017-04-25 21:14:58.646183+00', false, 1, 488);
INSERT INTO tag_service_account (id, insert_date, is_hidden, tag_id, service_account_id) VALUES (31, '2017-04-25 21:14:58.661803+00', false, 1, 489);
INSERT INTO tag_service_account (id, insert_date, is_hidden, tag_id, service_account_id) VALUES (32, '2017-04-25 21:14:58.661803+00', false, 1, 490);
INSERT INTO tag_service_account (id, insert_date, is_hidden, tag_id, service_account_id) VALUES (33, '2017-04-25 21:14:58.661803+00', false, 1, 491);
INSERT INTO tag_service_account (id, insert_date, is_hidden, tag_id, service_account_id) VALUES (34, '2017-04-25 21:14:58.661803+00', false, 1, 492);
INSERT INTO tag_service_account (id, insert_date, is_hidden, tag_id, service_account_id) VALUES (35, '2017-04-25 21:14:58.677428+00', false, 1, 493);
INSERT INTO tag_service_account (id, insert_date, is_hidden, tag_id, service_account_id) VALUES (36, '2017-04-25 21:14:58.677428+00', false, 1, 494);
INSERT INTO tag_service_account (id, insert_date, is_hidden, tag_id, service_account_id) VALUES (37, '2017-04-25 21:14:58.677428+00', false, 1, 495);
INSERT INTO tag_service_account (id, insert_date, is_hidden, tag_id, service_account_id) VALUES (38, '2017-04-25 21:14:58.677428+00', false, 1, 496);
INSERT INTO tag_service_account (id, insert_date, is_hidden, tag_id, service_account_id) VALUES (39, '2017-04-25 21:14:58.693054+00', false, 1, 497);
INSERT INTO tag_service_account (id, insert_date, is_hidden, tag_id, service_account_id) VALUES (40, '2017-04-25 21:14:58.693054+00', false, 1, 498);
INSERT INTO tag_service_account (id, insert_date, is_hidden, tag_id, service_account_id) VALUES (41, '2017-04-25 21:14:58.693054+00', false, 1, 499);
INSERT INTO tag_service_account (id, insert_date, is_hidden, tag_id, service_account_id) VALUES (42, '2017-04-25 21:14:58.693054+00', false, 1, 500);
INSERT INTO tag_service_account (id, insert_date, is_hidden, tag_id, service_account_id) VALUES (43, '2017-04-25 21:14:58.708684+00', false, 1, 501);
INSERT INTO tag_service_account (id, insert_date, is_hidden, tag_id, service_account_id) VALUES (44, '2017-04-25 21:14:58.708684+00', false, 1, 502);
INSERT INTO tag_service_account (id, insert_date, is_hidden, tag_id, service_account_id) VALUES (45, '2017-04-25 21:14:58.708684+00', false, 1, 503);
INSERT INTO tag_service_account (id, insert_date, is_hidden, tag_id, service_account_id) VALUES (46, '2017-04-25 21:14:58.708684+00', false, 1, 504);
INSERT INTO tag_service_account (id, insert_date, is_hidden, tag_id, service_account_id) VALUES (47, '2017-04-25 21:14:58.726991+00', false, 1, 505);
INSERT INTO tag_service_account (id, insert_date, is_hidden, tag_id, service_account_id) VALUES (48, '2017-04-25 21:14:58.7309+00', false, 1, 506);
INSERT INTO tag_service_account (id, insert_date, is_hidden, tag_id, service_account_id) VALUES (49, '2017-04-25 21:14:58.734806+00', false, 1, 507);
INSERT INTO tag_service_account (id, insert_date, is_hidden, tag_id, service_account_id) VALUES (50, '2017-04-25 21:14:58.737735+00', false, 1, 508);
INSERT INTO tag_service_account (id, insert_date, is_hidden, tag_id, service_account_id) VALUES (51, '2017-04-25 21:14:58.741641+00', false, 1, 509);
INSERT INTO tag_service_account (id, insert_date, is_hidden, tag_id, service_account_id) VALUES (52, '2017-04-25 21:14:58.745547+00', false, 1, 510);
INSERT INTO tag_service_account (id, insert_date, is_hidden, tag_id, service_account_id) VALUES (53, '2017-04-25 21:14:58.749454+00', false, 1, 511);
INSERT INTO tag_service_account (id, insert_date, is_hidden, tag_id, service_account_id) VALUES (54, '2017-04-25 21:14:58.753362+00', false, 1, 512);
INSERT INTO tag_service_account (id, insert_date, is_hidden, tag_id, service_account_id) VALUES (55, '2017-04-25 21:14:58.757269+00', false, 1, 513);
INSERT INTO tag_service_account (id, insert_date, is_hidden, tag_id, service_account_id) VALUES (56, '2017-04-25 21:14:58.761174+00', false, 1, 514);
INSERT INTO tag_service_account (id, insert_date, is_hidden, tag_id, service_account_id) VALUES (57, '2017-04-25 21:14:58.766057+00', false, 1, 515);
INSERT INTO tag_service_account (id, insert_date, is_hidden, tag_id, service_account_id) VALUES (58, '2017-04-25 21:14:58.769971+00', false, 1, 516);
INSERT INTO tag_service_account (id, insert_date, is_hidden, tag_id, service_account_id) VALUES (59, '2017-04-25 21:14:58.772896+00', false, 1, 517);
INSERT INTO tag_service_account (id, insert_date, is_hidden, tag_id, service_account_id) VALUES (60, '2017-04-25 21:14:58.777785+00', false, 1, 518);
INSERT INTO tag_service_account (id, insert_date, is_hidden, tag_id, service_account_id) VALUES (61, '2017-04-25 21:14:58.781683+00', false, 1, 519);
INSERT INTO tag_service_account (id, insert_date, is_hidden, tag_id, service_account_id) VALUES (62, '2017-04-25 21:14:58.785597+00', false, 1, 520);
INSERT INTO tag_service_account (id, insert_date, is_hidden, tag_id, service_account_id) VALUES (63, '2017-04-25 21:14:58.789496+00', false, 1, 521);
INSERT INTO tag_service_account (id, insert_date, is_hidden, tag_id, service_account_id) VALUES (64, '2017-04-25 21:14:58.793406+00', false, 1, 522);
INSERT INTO tag_service_account (id, insert_date, is_hidden, tag_id, service_account_id) VALUES (65, '2017-04-25 21:14:58.794679+00', false, 1, 523);
INSERT INTO tag_service_account (id, insert_date, is_hidden, tag_id, service_account_id) VALUES (66, '2017-04-25 21:14:58.794679+00', false, 1, 524);
INSERT INTO tag_service_account (id, insert_date, is_hidden, tag_id, service_account_id) VALUES (67, '2017-04-25 21:14:58.802686+00', false, 1, 525);
INSERT INTO tag_service_account (id, insert_date, is_hidden, tag_id, service_account_id) VALUES (68, '2017-04-25 21:14:58.802686+00', false, 1, 526);
INSERT INTO tag_service_account (id, insert_date, is_hidden, tag_id, service_account_id) VALUES (69, '2017-04-25 21:14:58.802686+00', false, 1, 527);
INSERT INTO tag_service_account (id, insert_date, is_hidden, tag_id, service_account_id) VALUES (70, '2017-04-25 21:14:58.802686+00', false, 1, 528);
INSERT INTO tag_service_account (id, insert_date, is_hidden, tag_id, service_account_id) VALUES (71, '2017-04-25 21:14:58.818312+00', false, 1, 529);
INSERT INTO tag_service_account (id, insert_date, is_hidden, tag_id, service_account_id) VALUES (72, '2017-04-25 21:14:58.818312+00', false, 1, 530);
INSERT INTO tag_service_account (id, insert_date, is_hidden, tag_id, service_account_id) VALUES (73, '2017-04-25 21:14:58.818312+00', false, 1, 531);
INSERT INTO tag_service_account (id, insert_date, is_hidden, tag_id, service_account_id) VALUES (74, '2017-04-25 21:14:58.818312+00', false, 1, 532);
INSERT INTO tag_service_account (id, insert_date, is_hidden, tag_id, service_account_id) VALUES (75, '2017-04-25 21:14:58.833935+00', false, 1, 533);
INSERT INTO tag_service_account (id, insert_date, is_hidden, tag_id, service_account_id) VALUES (76, '2017-04-25 21:14:58.833935+00', false, 1, 534);
INSERT INTO tag_service_account (id, insert_date, is_hidden, tag_id, service_account_id) VALUES (77, '2017-04-25 21:14:58.833935+00', false, 1, 535);
INSERT INTO tag_service_account (id, insert_date, is_hidden, tag_id, service_account_id) VALUES (78, '2017-04-25 21:14:58.849562+00', false, 1, 536);
INSERT INTO tag_service_account (id, insert_date, is_hidden, tag_id, service_account_id) VALUES (79, '2017-04-25 21:14:58.849562+00', false, 1, 537);
INSERT INTO tag_service_account (id, insert_date, is_hidden, tag_id, service_account_id) VALUES (80, '2017-04-25 21:14:58.849562+00', false, 1, 538);
INSERT INTO tag_service_account (id, insert_date, is_hidden, tag_id, service_account_id) VALUES (81, '2017-04-25 21:14:58.849562+00', false, 1, 539);
INSERT INTO tag_service_account (id, insert_date, is_hidden, tag_id, service_account_id) VALUES (82, '2017-04-25 21:14:58.849562+00', false, 1, 540);
INSERT INTO tag_service_account (id, insert_date, is_hidden, tag_id, service_account_id) VALUES (83, '2017-04-25 21:14:58.865187+00', false, 1, 541);
INSERT INTO tag_service_account (id, insert_date, is_hidden, tag_id, service_account_id) VALUES (84, '2017-04-25 21:14:58.865187+00', false, 1, 542);
INSERT INTO tag_service_account (id, insert_date, is_hidden, tag_id, service_account_id) VALUES (85, '2017-04-25 21:14:58.865187+00', false, 1, 543);
INSERT INTO tag_service_account (id, insert_date, is_hidden, tag_id, service_account_id) VALUES (86, '2017-04-25 21:14:58.880815+00', false, 1, 544);
INSERT INTO tag_service_account (id, insert_date, is_hidden, tag_id, service_account_id) VALUES (87, '2017-04-25 21:14:58.880815+00', false, 1, 545);
INSERT INTO tag_service_account (id, insert_date, is_hidden, tag_id, service_account_id) VALUES (88, '2017-04-25 21:14:58.880815+00', false, 1, 546);
INSERT INTO tag_service_account (id, insert_date, is_hidden, tag_id, service_account_id) VALUES (89, '2017-04-25 21:14:58.880815+00', false, 1, 547);
INSERT INTO tag_service_account (id, insert_date, is_hidden, tag_id, service_account_id) VALUES (90, '2017-04-25 21:14:58.896443+00', false, 1, 548);
INSERT INTO tag_service_account (id, insert_date, is_hidden, tag_id, service_account_id) VALUES (91, '2017-04-25 21:14:58.896443+00', false, 1, 549);
INSERT INTO tag_service_account (id, insert_date, is_hidden, tag_id, service_account_id) VALUES (92, '2017-05-20 12:46:01.381605+00', false, 3, 480);
INSERT INTO tag_service_account (id, insert_date, is_hidden, tag_id, service_account_id) VALUES (93, '2017-05-20 12:46:01.381605+00', false, 3, 471);
INSERT INTO tag_service_account (id, insert_date, is_hidden, tag_id, service_account_id) VALUES (94, '2017-05-20 12:46:01.381605+00', false, 3, 479);
INSERT INTO tag_service_account (id, insert_date, is_hidden, tag_id, service_account_id) VALUES (95, '2017-05-20 12:46:01.381605+00', false, 3, 462);
INSERT INTO tag_service_account (id, insert_date, is_hidden, tag_id, service_account_id) VALUES (96, '2017-05-20 12:46:01.381605+00', false, 3, 464);
INSERT INTO tag_service_account (id, insert_date, is_hidden, tag_id, service_account_id) VALUES (97, '2017-05-20 12:46:01.381605+00', false, 3, 469);
INSERT INTO tag_service_account (id, insert_date, is_hidden, tag_id, service_account_id) VALUES (98, '2017-05-20 12:46:01.381605+00', false, 3, 488);


--
-- Name: tag_service_account_id_seq; Type: SEQUENCE SET; Schema: public; Owner: postgres
--

SELECT pg_catalog.setval('tag_service_account_id_seq', 98, true);


--
-- Name: tag_service_id_seq; Type: SEQUENCE SET; Schema: public; Owner: postgres
--

SELECT pg_catalog.setval('tag_service_id_seq', 50, true);


--
-- Name: person pk_person; Type: CONSTRAINT; Schema: public; Owner: postgres
--

ALTER TABLE ONLY person
    ADD CONSTRAINT pk_person PRIMARY KEY (id);


--
-- Name: person_service_account pk_person_service_account; Type: CONSTRAINT; Schema: public; Owner: postgres
--

ALTER TABLE ONLY person_service_account
    ADD CONSTRAINT pk_person_service_account PRIMARY KEY (id);


--
-- Name: service pk_service; Type: CONSTRAINT; Schema: public; Owner: postgres
--

ALTER TABLE ONLY service
    ADD CONSTRAINT pk_service PRIMARY KEY (id);


--
-- Name: service_account pk_service_account; Type: CONSTRAINT; Schema: public; Owner: postgres
--

ALTER TABLE ONLY service_account
    ADD CONSTRAINT pk_service_account PRIMARY KEY (id);


--
-- Name: tag pk_tag; Type: CONSTRAINT; Schema: public; Owner: postgres
--

ALTER TABLE ONLY tag
    ADD CONSTRAINT pk_tag PRIMARY KEY (id);


--
-- Name: tag_service pk_tag_service; Type: CONSTRAINT; Schema: public; Owner: postgres
--

ALTER TABLE ONLY tag_service
    ADD CONSTRAINT pk_tag_service PRIMARY KEY (id);


--
-- Name: tag_service_account pk_tag_service_account; Type: CONSTRAINT; Schema: public; Owner: postgres
--

ALTER TABLE ONLY tag_service_account
    ADD CONSTRAINT pk_tag_service_account PRIMARY KEY (id);


--
-- Name: ix_person_service_account_person_id_service_account_id; Type: INDEX; Schema: public; Owner: postgres
--

CREATE INDEX ix_person_service_account_person_id_service_account_id ON person_service_account USING btree (person_id, service_account_id);


--
-- Name: ix_tag_service_account_tag_id_service_account_id; Type: INDEX; Schema: public; Owner: postgres
--

CREATE INDEX ix_tag_service_account_tag_id_service_account_id ON tag_service_account USING btree (tag_id, service_account_id);


--
-- Name: ix_tag_service_tag_id_service_id; Type: INDEX; Schema: public; Owner: postgres
--

CREATE UNIQUE INDEX ix_tag_service_tag_id_service_id ON tag_service USING btree (tag_id, service_id);


--
-- Name: ux_person_code; Type: INDEX; Schema: public; Owner: postgres
--

CREATE UNIQUE INDEX ux_person_code ON person USING btree (code);


--
-- Name: ux_person_service_account_service_account_id; Type: INDEX; Schema: public; Owner: postgres
--

CREATE UNIQUE INDEX ux_person_service_account_service_account_id ON person_service_account USING btree (service_account_id);


--
-- Name: ux_service_account_service_id_login; Type: INDEX; Schema: public; Owner: postgres
--

CREATE UNIQUE INDEX ux_service_account_service_id_login ON service_account USING btree (service_id, login);


--
-- Name: ux_service_code; Type: INDEX; Schema: public; Owner: postgres
--

CREATE UNIQUE INDEX ux_service_code ON service USING btree (code);


--
-- Name: ux_tag_code; Type: INDEX; Schema: public; Owner: postgres
--

CREATE UNIQUE INDEX ux_tag_code ON tag USING btree (code);


--
-- Name: person_service_account fk_person_service_account_person_id; Type: FK CONSTRAINT; Schema: public; Owner: postgres
--

ALTER TABLE ONLY person_service_account
    ADD CONSTRAINT fk_person_service_account_person_id FOREIGN KEY (person_id) REFERENCES person(id);


--
-- Name: person_service_account fk_person_service_account_service_account_id; Type: FK CONSTRAINT; Schema: public; Owner: postgres
--

ALTER TABLE ONLY person_service_account
    ADD CONSTRAINT fk_person_service_account_service_account_id FOREIGN KEY (service_account_id) REFERENCES service_account(id);


--
-- Name: service_account fk_service_account_service_id; Type: FK CONSTRAINT; Schema: public; Owner: postgres
--

ALTER TABLE ONLY service_account
    ADD CONSTRAINT fk_service_account_service_id FOREIGN KEY (service_id) REFERENCES service(id);


--
-- Name: tag_service_account fk_tag_service_account_service_account_id; Type: FK CONSTRAINT; Schema: public; Owner: postgres
--

ALTER TABLE ONLY tag_service_account
    ADD CONSTRAINT fk_tag_service_account_service_account_id FOREIGN KEY (service_account_id) REFERENCES service_account(id);


--
-- Name: tag_service_account fk_tag_service_account_tag_id; Type: FK CONSTRAINT; Schema: public; Owner: postgres
--

ALTER TABLE ONLY tag_service_account
    ADD CONSTRAINT fk_tag_service_account_tag_id FOREIGN KEY (tag_id) REFERENCES tag(id);


--
-- Name: tag_service fk_tag_service_service_id; Type: FK CONSTRAINT; Schema: public; Owner: postgres
--

ALTER TABLE ONLY tag_service
    ADD CONSTRAINT fk_tag_service_service_id FOREIGN KEY (service_id) REFERENCES service(id);


--
-- Name: tag_service fk_tag_service_tag_id; Type: FK CONSTRAINT; Schema: public; Owner: postgres
--

ALTER TABLE ONLY tag_service
    ADD CONSTRAINT fk_tag_service_tag_id FOREIGN KEY (tag_id) REFERENCES tag(id);


--
-- PostgreSQL database dump complete
--

